codigo_ibge,nome_municipio,uf,uf_codigo,codigo_ibge_6,nome_norm,populacao,pib_total,taxa_desocupacao,total_internacoes,custo_total_internacoes,total_obitos_sim,pib_per_capita_calculado,taxa_internacao_por_10k
1300029,Alvarães,AM,13.0,130002,ALVARAES,16938.0,217333.0,9.1125,3454.0,1773599.08,109.0,12831.08985712599,2039.2017947809659
1300060,Amaturá,AM,13.0,130006,AMATURA,11633.0,118872.0,9.1125,1730.0,849855.94,66.0,10218.51628986504,1487.1486289005416
1300086,Anamã,AM,13.0,130008,ANAMA,9981.0,138599.0,9.1125,5734.0,2160800.84,65.0,13886.283939485022,5744.915339144374
1300102,Anori,AM,13.0,130010,ANORI,18135.0,248435.0,9.1125,6648.0,3329233.82,118.0,13699.200441135925,3665.839536807279
1300144,Apuí,AM,13.0,130014,APUI,21971.0,297810.0,9.1125,3472.0,2041115.0,171.0,13554.685722088207,1580.2648946338354
1300201,Atalaia do Norte,AM,13.0,130020,ATALAIA DO NORTE,15920.0,184947.0,9.1125,2978.0,2334861.96,119.0,11617.273869346735,1870.603015075377
1300300,Autazes,AM,13.0,130030,AUTAZES,46641.0,506341.0,9.1125,6148.0,5178260.86,337.0,10856.135160052314,1318.1535558843077
1300409,Barcelos,AM,13.0,130040,BARCELOS,17805.0,245622.0,9.1125,3660.0,2125541.7,215.0,13795.113732097725,2055.602358887953
1300508,Barreirinha,AM,13.0,130050,BARREIRINHA,34025.0,344890.0,9.1125,8530.0,4279290.1,259.0,10136.37031594416,2506.9801616458485
1300607,Benjamin Constant,AM,13.0,130060,BENJAMIN CONSTANT,41261.0,388781.0,9.1125,6830.0,4131994.08,326.0,9422.48127771988,1655.3161581154116
1300631,Beruri,AM,13.0,130063,BERURI,22842.0,211871.0,9.1125,3772.0,2081177.32,144.0,9275.501269591105,1651.3440154102093
1300680,Boa Vista do Ramos,AM,13.0,130068,BOA VISTA DO RAMOS,27052.0,182412.0,9.1125,3684.0,1894515.34,153.0,6743.013455567056,1361.821676770664
1300706,Boca do Acre,AM,13.0,130070,BOCA DO ACRE,39176.0,512796.0,9.1125,7264.0,3576546.94,335.0,13089.544619154585,1854.1964468041658
1300805,Borba,AM,13.0,130080,BORBA,34836.0,402131.0,9.1125,8532.0,4906594.32,323.0,11543.546905500058,2449.1904925938684
1300839,Caapiranga,AM,13.0,130083,CAAPIRANGA,14980.0,177894.0,9.1125,2390.0,1342352.56,53.0,11875.43391188251,1595.4606141522029
1300904,Canutama,AM,13.0,130090,CANUTAMA,18327.0,154316.0,9.1125,2284.0,1183474.44,81.0,8420.145141048726,1246.2487040977792
1301001,Carauari,AM,13.0,130100,CARAUARI,31383.0,370663.0,9.1125,8210.0,5586254.56,235.0,11810.94860274671,2616.066023006086
1301100,Careiro,AM,13.0,130110,CAREIRO,32289.0,395194.0,9.1125,8716.0,7967664.68,320.0,12239.276533804083,2699.371302920499
1301159,Careiro da Várzea,AM,13.0,130115,CAREIRO DA VARZEA,20081.0,413374.0,9.1125,1012.0,1618317.06,132.0,20585.329415865745,503.95896618694286
1301209,Coari,AM,13.0,130120,COARI,73403.0,3380325.0,9.1125,17688.0,13063534.66,758.0,46051.59189678896,2409.7107747639743
1301308,Codajás,AM,13.0,130130,CODAJAS,24627.0,531995.0,9.1125,5904.0,3237077.86,170.0,21602.103382466397,2397.368741625046
1301407,Eirunepé,AM,13.0,130140,EIRUNEPE,36027.0,568036.0,9.1125,6392.0,4529174.52,366.0,15766.952563355262,1774.2248868903878
1301506,Envira,AM,13.0,130150,ENVIRA,18062.0,215527.0,9.1125,3446.0,1711040.34,158.0,11932.620972206843,1907.8728822943194
1301605,Fonte Boa,AM,13.0,130160,FONTE BOA,28491.0,222773.0,9.1125,5784.0,3606413.98,187.0,7819.065669860658,2030.1147730862378
1301654,Guajará,AM,13.0,130165,GUAJARA,14356.0,177320.0,9.1125,1602.0,720526.0,104.0,12351.62998049596,1115.909724157147
1301704,Humaitá,AM,13.0,130170,HUMAITA,64390.0,860168.0,9.1125,6426.0,4210977.24,450.0,13358.720298182947,997.981052958534
1301803,Ipixuna,AM,13.0,130180,IPIXUNA,25792.0,216519.0,9.1125,8028.0,4139089.88,165.0,8394.81234491315,3112.593052109181
1301852,Iranduba,AM,13.0,130185,IRANDUBA,70248.0,1001862.0,9.1125,8314.0,9281242.66,608.0,14261.786812435941,1183.521239038834
1301902,Itacoatiara,AM,13.0,130190,ITACOATIARA,115218.0,2350463.0,9.1125,21462.0,19464034.44,983.0,20400.137131351003,1862.7297818049262
1301951,Itamarati,AM,13.0,130195,ITAMARATI,12150.0,135620.0,9.1125,3970.0,1751549.48,72.0,11162.139917695473,3267.4897119341563
1302009,Itapiranga,AM,13.0,130200,ITAPIRANGA,11090.0,152509.0,9.1125,2380.0,2333823.08,104.0,13751.938683498647,2146.077547339946
1302108,Japurá,AM,13.0,130210,JAPURA,9527.0,85809.0,9.1125,2012.0,873867.9,52.0,9006.92767922746,2111.8925160071376
1302207,Juruá,AM,13.0,130220,JURUA,11106.0,138074.0,9.1125,170.0,268658.62,73.0,12432.378894291374,153.07041238969927
1302306,Jutaí,AM,13.0,130230,JUTAI,28712.0,266377.0,9.1125,6640.0,3101992.92,173.0,9277.549456673169,2312.621900250766
1302405,Lábrea,AM,13.0,130240,LABREA,50040.0,625198.0,9.1125,4602.0,3216529.36,361.0,12493.96482813749,919.6642685851319
1302504,Manacapuru,AM,13.0,130250,MANACAPURU,113042.0,1544675.0,9.1125,25206.0,21281409.28,1009.0,13664.611383379628,2229.790697262964
1302553,Manaquiri,AM,13.0,130255,MANAQUIRI,15902.0,311335.0,9.1125,3466.0,2768231.54,135.0,19578.35492390894,2179.6000503081373
1302603,Manaus,AM,13.0,130260,MANAUS,2327101.0,103281400.0,9.1125,417780.0,662082246.66,24401.0,44382.001468780254,1795.2809095952432
1302702,Manicoré,AM,13.0,130270,MANICORE,58557.0,686279.0,9.1125,8226.0,5492048.88,378.0,11719.845620506516,1404.7850812029305
1302801,Maraã,AM,13.0,130280,MARAA,15716.0,176217.0,9.1125,2560.0,1345331.1199999999,85.0,11212.58589972003,1628.913209468058
1302900,Maués,AM,13.0,130290,MAUES,67021.0,595826.0,9.1125,12640.0,9186692.72,534.0,8890.138911684397,1885.976037361424
1303007,Nhamundá,AM,13.0,130300,NHAMUNDA,21394.0,207005.0,9.1125,3662.0,2376715.62,152.0,9675.843694493784,1711.6948677199214
1303106,Nova Olinda do Norte,AM,13.0,130310,NOVA OLINDA DO NORTE,27965.0,341652.0,9.1125,5120.0,3994843.58,224.0,12217.128553549079,1830.8600035758984
1303205,Novo Airão,AM,13.0,130320,NOVO AIRAO,16648.0,186533.0,9.1125,4486.0,3136102.16,169.0,11204.529072561269,2694.6179721287845
1303304,Novo Aripuanã,AM,13.0,130330,NOVO ARIPUANA,25506.0,252422.0,9.1125,6158.0,4296867.92,194.0,9896.573355288952,2414.3338822237906
1303403,Parintins,AM,13.0,130340,PARINTINS,101754.0,1426972.0,9.1125,30690.0,17608436.64,915.0,14023.74353833756,3016.097647266938
1303502,Pauini,AM,13.0,130350,PAUINI,20330.0,199541.0,9.1125,3900.0,1744760.98,144.0,9815.100836202657,1918.3472700442694
1303536,Presidente Figueiredo,AM,13.0,130353,PRESIDENTE FIGUEIREDO,33580.0,1031905.0,9.1125,4774.0,5066094.7,286.0,30729.749851101846,1421.6795711733173
1303569,Rio Preto da Eva,AM,13.0,130356,RIO PRETO DA EVA,25342.0,407146.0,9.1125,3910.0,5123998.9,270.0,16066.056349143713,1542.8932207402731
1303601,Santa Isabel do Rio Negro,AM,13.0,130360,SANTA ISABEL DO RIO NEGRO,13724.0,185817.0,9.1125,2570.0,1544989.32,138.0,13539.565724278636,1872.6318857475953
1303700,Santo Antônio do Içá,AM,13.0,130370,SANTO ANTONIO DO ICA,30987.0,237314.0,9.1125,5192.0,2515542.9,182.0,7658.501952431665,1675.541356052538
1303809,São Gabriel da Cachoeira,AM,13.0,130380,SAO GABRIEL DA CACHOEIRA,58359.0,423055.0,9.1125,7146.0,4831620.46,653.0,7249.181788584451,1224.4897959183672
1303908,São Paulo de Olivença,AM,13.0,130390,SAO PAULO DE OLIVENCA,35619.0,334131.0,9.1125,7686.0,6163599.3,263.0,9380.69569611724,2157.8371094079002
1303957,São Sebastião do Uatumã,AM,13.0,130395,SAO SEBASTIAO DO UATUMA,12415.0,136609.0,9.1125,2932.0,1801934.7,57.0,11003.544099879178,2361.6592831252515
1304005,Silves,AM,13.0,130400,SILVES,12827.0,175042.0,9.1125,3404.0,1973796.58,76.0,13646.37093630623,2653.7771887424965
1304062,Tabatinga,AM,13.0,130406,TABATINGA,74384.0,758035.0,9.1125,3912.0,4373177.38,674.0,10190.834050333406,525.9195525919553
1304104,Tapauá,AM,13.0,130410,TAPAUA,20849.0,239944.0,9.1125,2702.0,2037575.3,147.0,11508.657489567844,1295.9854189649384
1304203,Tefé,AM,13.0,130420,TEFE,81046.0,1098392.0,9.1125,21362.0,15116830.62,663.0,13552.698467536955,2635.7870838782915
1304237,Tonantins,AM,13.0,130423,TONANTINS,20417.0,185410.0,9.1125,4812.0,2383568.7199999997,103.0,9081.157858647206,2356.859479845227
1304260,Uarini,AM,13.0,130426,UARINI,15815.0,229209.0,9.1125,3256.0,1887698.58,77.0,14493.139424596902,2058.804932026557
1304302,Urucará,AM,13.0,130430,URUCARA,19738.0,205656.0,9.1125,3434.0,2577632.4,138.0,10419.292734826224,1739.791265579086
1304401,Urucurituba,AM,13.0,130440,URUCURITUBA,26373.0,232661.0,9.1125,1998.0,1437715.22,144.0,8821.939104387062,757.5929928335797
5300108,Brasília,DF,53.0,530010,BRASILIA,3009996.0,286943782.0,9.5875,388264.0,620276606.86,15878.0,95330.2868176569,1289.9153354356617
4300034,Aceguá,RS,43.0,430003,ACEGUA,4251.0,458226.0,5.325,860.0,971121.66,36.0,107792.51940719831,2023.053399200188
4300059,Água Santa,RS,43.0,430005,AGUA SANTA,4003.0,547413.0,5.325,554.0,922992.16,28.0,136750.68698476144,1383.962028478641
4300109,Agudo,RS,43.0,430010,AGUDO,16347.0,667877.0,5.325,3676.0,4784339.46,179.0,40856.24273567015,2248.7306539426195
4300208,Ajuricaba,RS,43.0,430020,AJURICABA,6843.0,521060.0,5.325,1054.0,2098312.98,73.0,76144.96565833698,1540.2601198304837
4300307,Alecrim,RS,43.0,430030,ALECRIM,6219.0,162073.0,5.325,1774.0,2759111.06,99.0,26060.94227367744,2852.548641260653
4300406,Alegrete,RS,43.0,430040,ALEGRETE,74285.0,3079886.0,5.325,13880.0,22477262.06,791.0,41460.40250387023,1868.4795046106212
4300455,Alegria,RS,43.0,430045,ALEGRIA,3705.0,156623.0,5.325,640.0,1351465.9,46.0,42273.41430499325,1727.3954116059379
4300471,Almirante Tamandaré do Sul,RS,43.0,430047,ALMIRANTE TAMANDARE DO SUL,2007.0,276412.0,5.325,354.0,729078.88,15.0,137723.96611858494,1763.8266068759342
4300505,Alpestre,RS,43.0,430050,ALPESTRE,7235.0,196384.0,5.325,2254.0,2179011.7,77.0,27143.60746371804,3115.411195577056
4300554,Alto Alegre,RS,43.0,430055,ALTO ALEGRE,1837.0,106142.0,5.325,148.0,273623.74,10.0,57780.076211213935,805.6614044637997
4300570,Alto Feliz,RS,43.0,430057,ALTO FELIZ,3145.0,161549.0,5.325,440.0,918004.1799999999,27.0,51366.931637519876,1399.0461049284577
4300604,Alvorada,RS,43.0,430060,ALVORADA,194061.0,3302273.0,5.325,29224.0,58588436.08,1640.0,17016.675169147846,1505.918242202194
4300638,Amaral Ferrador,RS,43.0,430063,AMARAL FERRADOR,5384.0,147633.0,5.325,426.0,885858.46,44.0,27420.690936106985,791.2332838038633
4300646,Ametista do Sul,RS,43.0,430064,AMETISTA DO SUL,7813.0,177772.0,5.325,2530.0,3427647.56,72.0,22753.359784973763,3238.1927556636374
4300661,André da Rocha,RS,43.0,430066,ANDRE DA ROCHA,1156.0,193090.0,5.325,182.0,328793.44,10.0,167032.87197231833,1574.39446366782
4300703,Anta Gorda,RS,43.0,430070,ANTA GORDA,6080.0,322293.0,5.325,1194.0,1158132.68,58.0,53008.71710526316,1963.8157894736844
4300802,Antônio Prado,RS,43.0,430080,ANTONIO PRADO,13332.0,797513.0,5.325,1978.0,2409785.74,124.0,59819.45694569457,1483.6483648364838
4300851,Arambaré,RS,43.0,430085,ARAMBARE,4215.0,285089.0,5.325,554.0,1331751.78,44.0,67636.7734282325,1314.35349940688
4300877,Araricá,RS,43.0,430087,ARARICA,8831.0,236432.0,5.325,1476.0,2940967.44,61.0,26772.9588948024,1671.3848941229758
4300901,Aratiba,RS,43.0,430090,ARATIBA,6618.0,946972.0,5.325,1190.0,1567713.92,58.0,143090.35962526442,1798.1263221517074
4301008,Arroio do Meio,RS,43.0,430100,ARROIO DO MEIO,22524.0,1536560.0,5.325,3652.0,6515225.32,200.0,68218.78884745161,1621.3816373645889
4301057,Arroio do Sal,RS,43.0,430105,ARROIO DO SAL,11419.0,285580.0,5.325,1690.0,3706780.66,114.0,25009.195200980823,1479.989491198879
4301073,Arroio do Padre,RS,43.0,430107,ARROIO DO PADRE,2650.0,76785.0,5.325,288.0,782278.3400000001,31.0,28975.471698113208,1086.7924528301887
4301107,Arroio dos Ratos,RS,43.0,430110,ARROIO DOS RATOS,14934.0,357348.0,5.325,2690.0,4862855.56,131.0,23928.485335476096,1801.258872371769
4301206,Arroio do Tigre,RS,43.0,430120,ARROIO DO TIGRE,12290.0,429273.0,5.325,2786.0,3647836.48,106.0,34928.6411716843,2266.883645240033
4301305,Arroio Grande,RS,43.0,430130,ARROIO GRANDE,17879.0,1131512.0,5.325,2714.0,4269069.36,204.0,63287.20845684881,1517.981990044186
4301404,Arvorezinha,RS,43.0,430140,ARVOREZINHA,10547.0,336248.0,5.325,2178.0,2941763.14,105.0,31880.914003982176,2065.0421920925382
4301503,Augusto Pestana,RS,43.0,430150,AUGUSTO PESTANA,7303.0,504184.0,5.325,1042.0,2025357.96,86.0,69037.92961796522,1426.810899630289
4301552,Áurea,RS,43.0,430155,AUREA,3458.0,163439.0,5.325,552.0,912304.8,34.0,47264.025448235974,1596.2984384037015
4301602,Bagé,RS,43.0,430160,BAGE,121929.0,3748437.0,5.325,16616.0,25498740.96,1257.0,30742.784735378787,1362.7602949257355
4301636,Balneário Pinhal,RS,43.0,430163,BALNEARIO PINHAL,15413.0,312095.0,5.325,1920.0,4631880.16,198.0,20248.81593460066,1245.7016803996626
4301651,Barão,RS,43.0,430165,BARAO,6496.0,308102.0,5.325,548.0,1113277.02,41.0,47429.49507389162,843.5960591133004
4301701,Barão de Cotegipe,RS,43.0,430170,BARAO DE COTEGIPE,7320.0,341674.0,5.325,980.0,1850382.96,71.0,46676.77595628415,1338.7978142076504
4301750,Barão do Triunfo,RS,43.0,430175,BARAO DO TRIUNFO,5972.0,142319.0,5.325,848.0,1271290.82,56.0,23831.044876088414,1419.959812458138
4301800,Barracão,RS,43.0,430180,BARRACAO,4915.0,317085.0,5.325,822.0,1296903.04,47.0,64513.73346897253,1672.4313326551373
4301859,Barra do Guarita,RS,43.0,430185,BARRA DO GUARITA,3231.0,56812.0,5.325,672.0,1022547.1,29.0,17583.410708758896,2079.8514391829153
4301875,Barra do Quaraí,RS,43.0,430187,BARRA DO QUARAI,4340.0,386183.0,5.325,344.0,574963.16,23.0,88982.25806451614,792.6267281105991
4301909,Barra do Ribeiro,RS,43.0,430190,BARRA DO RIBEIRO,12476.0,507428.0,5.325,1612.0,2826683.58,135.0,40672.33087528054,1292.0807951266431
4301925,Barra do Rio Azul,RS,43.0,430192,BARRA DO RIO AZUL,1721.0,80748.0,5.325,334.0,528865.98,13.0,46919.233004067406,1940.7321324811155
4301958,Barra Funda,RS,43.0,430195,BARRA FUNDA,2557.0,165030.0,5.325,506.0,796994.78,23.0,64540.47712162691,1978.881501759875
4302006,Barros Cassal,RS,43.0,430200,BARROS CASSAL,9424.0,244514.0,5.325,1412.0,2653806.24,117.0,25945.88285229202,1498.30220713073
4302055,Benjamin Constant do Sul,RS,43.0,430205,BENJAMIN CONSTANT DO SUL,2118.0,49314.0,5.325,378.0,638115.06,19.0,23283.28611898017,1784.7025495750706
4302105,Bento Gonçalves,RS,43.0,430210,BENTO GONCALVES,127980.0,7498525.0,5.325,12870.0,27744515.74,843.0,58591.38146585404,1005.6258790436005
4302154,Boa Vista das Missões,RS,43.0,430215,BOA VISTA DAS MISSOES,1968.0,238522.0,5.325,532.0,511182.14,20.0,121200.20325203252,2703.252032520325
4302204,Boa Vista do Buricá,RS,43.0,430220,BOA VISTA DO BURICA,7129.0,326887.0,5.325,1282.0,1548696.28,51.0,45853.1350820592,1798.2886800392762
4302220,Boa Vista do Cadeado,RS,43.0,430222,BOA VISTA DO CADEADO,2269.0,468752.0,5.325,416.0,776864.42,20.0,206589.68708682238,1833.4067871308946
4302238,Boa Vista do Incra,RS,43.0,430223,BOA VISTA DO INCRA,2314.0,384174.0,5.325,500.0,1169673.06,23.0,166021.60760587727,2160.7605877268797
4302253,Boa Vista do Sul,RS,43.0,430225,BOA VISTA DO SUL,2815.0,120127.0,5.325,538.0,977628.92,34.0,42673.88987566607,1911.190053285968
4302303,Bom Jesus,RS,43.0,430230,BOM JESUS,11429.0,613624.0,5.325,2298.0,3255275.18,109.0,53690.08662175168,2010.6745997025112
4302352,Bom Princípio,RS,43.0,430235,BOM PRINCIPIO,13665.0,906596.0,5.325,2168.0,3289682.34,104.0,66344.38346139774,1586.5349432857665
4302378,Bom Progresso,RS,43.0,430237,BOM PROGRESSO,2132.0,86280.0,5.325,478.0,731969.92,14.0,40469.04315196998,2242.02626641651
4302402,Bom Retiro do Sul,RS,43.0,430240,BOM RETIRO DO SUL,12587.0,403056.0,5.325,2476.0,3888821.38,145.0,32021.609597203464,1967.1089219035512
4302451,Boqueirão do Leão,RS,43.0,430245,BOQUEIRAO DO LEAO,6202.0,150395.0,5.325,1128.0,1287431.9,60.0,24249.43566591422,1818.7681393099
4302501,Bossoroca,RS,43.0,430250,BOSSOROCA,5978.0,490599.0,5.325,854.0,1385528.9,55.0,82067.41385078622,1428.5714285714284
4302584,Bozano,RS,43.0,430258,BOZANO,2195.0,227410.0,5.325,282.0,371338.54,20.0,103603.64464692483,1284.738041002278
4302600,Braga,RS,43.0,430260,BRAGA,3322.0,130949.0,5.325,686.0,819416.22,28.0,39418.72366044552,2065.021071643588
4302659,Brochier,RS,43.0,430265,BROCHIER,5083.0,117701.0,5.325,764.0,1403514.12,70.0,23155.813495966948,1503.049380287232
4302709,Butiá,RS,43.0,430270,BUTIA,19421.0,543351.0,5.325,3628.0,5967263.5,209.0,27977.498584007004,1868.0809433087895
4302808,Caçapava do Sul,RS,43.0,430280,CACAPAVA DO SUL,33501.0,1122674.0,5.325,5546.0,8644455.08,399.0,33511.65636846661,1655.4729709560909
4302907,Cacequi,RS,43.0,430290,CACEQUI,11299.0,623088.0,5.325,2010.0,2007744.44,124.0,55145.411098327284,1778.918488361802
4303004,Cachoeira do Sul,RS,43.0,430300,CACHOEIRA DO SUL,82222.0,3542706.0,5.325,13100.0,24773657.62,987.0,43087.08131643599,1593.247549317701
4303103,Cachoeirinha,RS,43.0,430310,CACHOEIRINHA,141506.0,6458504.0,5.325,16314.0,35102344.6,1043.0,45641.2024931805,1152.8839766511667
4303202,Cacique Doble,RS,43.0,430320,CACIQUE DOBLE,4692.0,169236.0,5.325,938.0,1666634.76,35.0,36069.0537084399,1999.147485080989
4303301,Caibaté,RS,43.0,430330,CAIBATE,4795.0,264916.0,5.325,1016.0,1261906.06,55.0,55248.38373305526,2118.873826903024
4303400,Caiçara,RS,43.0,430340,CAICARA,4931.0,149122.0,5.325,1402.0,1908958.82,35.0,30241.735956195498,2843.236665990671
4303509,Camaquã,RS,43.0,430350,CAMAQUA,63961.0,2723674.0,5.325,8546.0,18139873.84,617.0,42583.355482246996,1336.1267022091586
4303558,Camargo,RS,43.0,430355,CAMARGO,3060.0,520483.0,5.325,424.0,691879.54,30.0,170092.48366013073,1385.6209150326797
4303608,Cambará do Sul,RS,43.0,430360,CAMBARA DO SUL,6490.0,242578.0,5.325,1058.0,1836819.34,57.0,37377.19568567026,1630.20030816641
4303673,Campestre da Serra,RS,43.0,430367,CAMPESTRE DA SERRA,3311.0,204703.0,5.325,424.0,798347.8,33.0,61825.12836001208,1280.579885231048
4303707,Campina das Missões,RS,43.0,430370,CAMPINA DAS MISSOES,5999.0,239170.0,5.325,1540.0,2134355.96,60.0,39868.311385230874,2567.0945157526253
4303806,Campinas do Sul,RS,43.0,430380,CAMPINAS DO SUL,5388.0,399404.0,5.325,1164.0,1590410.72,73.0,74128.43355605048,2160.356347438753
4303905,Campo Bom,RS,43.0,430390,CAMPO BOM,64720.0,3600083.0,5.325,11070.0,17173862.76,519.0,55625.50988875155,1710.4449938195305
4304002,Campo Novo,RS,43.0,430400,CAMPO NOVO,5063.0,325740.0,5.325,1104.0,908263.08,63.0,64337.34939759036,2180.525380209362
4304101,Campos Borges,RS,43.0,430410,CAMPOS BORGES,3695.0,150034.0,5.325,514.0,1298558.86,33.0,40604.600811907985,1391.06901217862
4304200,Candelária,RS,43.0,430420,CANDELARIA,29775.0,1078191.0,5.325,4800.0,6404289.04,342.0,36211.284634760705,1612.0906801007557
4304309,Cândido Godói,RS,43.0,430430,CANDIDO GODOI,6419.0,358438.0,5.325,2126.0,2578097.56,80.0,55840.16201900608,3312.042374201589
4304358,Candiota,RS,43.0,430435,CANDIOTA,11012.0,2744010.0,5.325,962.0,1680415.74,71.0,249183.617871413,873.5924446058845
4304408,Canela,RS,43.0,430440,CANELA,50717.0,1595265.0,5.325,7722.0,10557433.46,317.0,31454.246110771535,1522.5663978547627
4304507,Canguçu,RS,43.0,430450,CANGUCU,50968.0,1660011.0,5.325,6220.0,12601806.64,556.0,32569.671166221942,1220.373567728771
4304606,Canoas,RS,43.0,430460,CANOAS,359845.0,21995418.0,5.325,57284.0,118726450.16,3136.0,61124.70091289305,1591.9076268949132
4304614,Canudos do Vale,RS,43.0,430461,CANUDOS DO VALE,1686.0,67988.0,5.325,310.0,598365.04,22.0,40325.02965599051,1838.6714116251483
4304622,Capão Bonito do Sul,RS,43.0,430462,CAPAO BONITO DO SUL,1769.0,342053.0,5.325,330.0,711263.82,20.0,193359.52515545505,1865.4607122668174
4304630,Capão da Canoa,RS,43.0,430463,CAPAO DA CANOA,66237.0,1966028.0,5.325,8740.0,17681403.44,500.0,29681.718676872442,1319.5042045986384
4304655,Capão do Cipó,RS,43.0,430465,CAPAO DO CIPO,3187.0,644965.0,5.325,328.0,534487.4400000001,23.0,202373.70567932224,1029.1810480075305
4304663,Capão do Leão,RS,43.0,430466,CAPAO DO LEAO,27416.0,830088.0,5.325,2890.0,5907436.02,253.0,30277.502188503066,1054.1289757805662
4304671,Capivari do Sul,RS,43.0,430467,CAPIVARI DO SUL,4080.0,386834.0,5.325,636.0,1164836.92,44.0,94812.25490196078,1558.8235294117646
4304689,Capela de Santana,RS,43.0,430468,CAPELA DE SANTANA,11424.0,298588.0,5.325,1544.0,2614663.72,108.0,26136.904761904763,1351.5406162464985
4304697,Capitão,RS,43.0,430469,CAPITAO,2994.0,95379.0,5.325,824.0,1321211.46,27.0,31856.71342685371,2752.1710086840344
4304705,Carazinho,RS,43.0,430470,CARAZINHO,63671.0,3846858.0,5.325,10912.0,20432659.24,620.0,60417.74120086068,1713.810054813023
4304713,Caraá,RS,43.0,430471,CARAA,7555.0,165661.0,5.325,1302.0,2214556.64,65.0,21927.33289212442,1723.3620119126406
4304804,Carlos Barbosa,RS,43.0,430480,CARLOS BARBOSA,31586.0,3529584.0,5.325,4224.0,5650895.06,202.0,111745.20357120244,1337.3013360349523
4304853,Carlos Gomes,RS,43.0,430485,CARLOS GOMES,1384.0,70447.0,5.325,246.0,308290.26,13.0,50901.011560693645,1777.456647398844
4304903,Casca,RS,43.0,430490,CASCA,9698.0,717921.0,5.325,1444.0,2386558.0,81.0,74027.73767787173,1488.9667972777893
4304952,Caseiros,RS,43.0,430495,CASEIROS,3064.0,199197.0,5.325,468.0,1186881.72,28.0,65012.075718015665,1527.4151436031334
4305009,Catuípe,RS,43.0,430500,CATUIPE,8834.0,638112.0,5.325,1222.0,2587561.08,108.0,72233.64274394386,1383.2918270319221
4305108,Caxias do Sul,RS,43.0,430510,CAXIAS DO SUL,479604.0,31688552.0,5.325,43570.0,99036167.04,3411.0,66072.32633589378,908.4578110274309
4305116,Centenário,RS,43.0,430511,CENTENARIO,2777.0,120779.0,5.325,406.0,656478.1,34.0,43492.61793302125,1462.0093626215341
4305124,Cerrito,RS,43.0,430512,CERRITO,5909.0,161328.0,5.325,856.0,1674568.72,77.0,27302.0815704857,1448.63767134879
4305132,Cerro Branco,RS,43.0,430513,CERRO BRANCO,3859.0,90159.0,5.325,680.0,1230489.4,52.0,23363.306556102616,1762.114537444934
4305157,Cerro Grande,RS,43.0,430515,CERRO GRANDE,2428.0,74182.0,5.325,546.0,765987.74,27.0,30552.718286655683,2248.7644151565078
4305173,Cerro Grande do Sul,RS,43.0,430517,CERRO GRANDE DO SUL,9333.0,203184.0,5.325,1248.0,2833369.38,84.0,21770.491803278688,1337.1906139504983
4305207,Cerro Largo,RS,43.0,430520,CERRO LARGO,14015.0,796777.0,5.325,1826.0,2696473.18,142.0,56851.7302889761,1302.8897609703888
4305306,Chapada,RS,43.0,430530,CHAPADA,9751.0,741828.0,5.325,1794.0,2500167.48,101.0,76077.12029535433,1839.811301404984
4305355,Charqueadas,RS,43.0,430535,CHARQUEADAS,36110.0,1736983.0,5.325,7052.0,10511118.92,307.0,48102.547770700636,1952.9216283577957
4305371,Charrua,RS,43.0,430537,CHARRUA,2800.0,149352.0,5.325,608.0,1471181.18,31.0,53340.0,2171.4285714285716
4305405,Chiapetta,RS,43.0,430540,CHIAPETTA,3991.0,388836.0,5.325,904.0,1170058.26,44.0,97428.21348033074,2265.0964670508642
4305439,Chuí,RS,43.0,430543,CHUI,6409.0,370303.0,5.325,316.0,518983.5,29.0,57778.59260415041,493.05663910126384
4305447,Chuvisca,RS,43.0,430544,CHUVISCA,4682.0,129741.0,5.325,448.0,831842.28,35.0,27710.593763348996,956.8560444254592
4305454,Cidreira,RS,43.0,430545,CIDREIRA,17584.0,362063.0,5.325,2216.0,4944884.16,210.0,20590.479981801636,1260.2365787079161
4305504,Ciríaco,RS,43.0,430550,CIRIACO,4208.0,264361.0,5.325,676.0,1574871.18,42.0,62823.431558935365,1606.4638783269963
4305587,Colinas,RS,43.0,430558,COLINAS,2474.0,87210.0,5.325,462.0,1081703.46,31.0,35250.60630557801,1867.4211802748587
4305603,Colorado,RS,43.0,430560,COLORADO,3316.0,338158.0,5.325,252.0,362406.7,28.0,101977.68395657418,759.9517490952954
4305702,Condor,RS,43.0,430570,CONDOR,6538.0,624707.0,5.325,1464.0,1519659.54,58.0,95550.16824717038,2239.216885897828
4305801,Constantina,RS,43.0,430580,CONSTANTINA,10631.0,432350.0,5.325,2198.0,3165421.0,91.0,40668.798795974035,2067.5383312952686
4305835,Coqueiro Baixo,RS,43.0,430583,COQUEIRO BAIXO,1308.0,52164.0,5.325,420.0,454139.86,13.0,39880.733944954125,3211.009174311927
4305850,Coqueiros do Sul,RS,43.0,430585,COQUEIROS DO SUL,2248.0,190145.0,5.325,404.0,814650.84,23.0,84584.07473309609,1797.1530249110322
4305871,Coronel Barros,RS,43.0,430587,CORONEL BARROS,2896.0,226126.0,5.325,372.0,877231.02,30.0,78082.18232044199,1284.5303867403316
4305900,Coronel Bicaco,RS,43.0,430590,CORONEL BICACO,6214.0,515154.0,5.325,1876.0,2059169.44,76.0,82902.15642098487,3018.9893788220147
4305934,Coronel Pilar,RS,43.0,430593,CORONEL PILAR,1637.0,49060.0,5.325,296.0,472103.24,12.0,29969.456322541235,1808.1857055589492
4305959,Cotiporã,RS,43.0,430595,COTIPORA,3926.0,167929.0,5.325,704.0,1329832.3,51.0,42773.560876209885,1793.173713703515
4305975,Coxilha,RS,43.0,430597,COXILHA,2718.0,422465.0,5.325,566.0,1264387.16,23.0,155432.30316409125,2082.413539367182
4306007,Crissiumal,RS,43.0,430600,CRISSIUMAL,13116.0,508979.0,5.325,2664.0,3263345.2199999997,172.0,38805.96218359256,2031.1070448307412
4306056,Cristal,RS,43.0,430605,CRISTAL,7455.0,308908.0,5.325,954.0,2456937.34,79.0,41436.35144198524,1279.6780684104629
4306072,Cristal do Sul,RS,43.0,430607,CRISTAL DO SUL,2745.0,94741.0,5.325,828.0,985521.34,26.0,34514.02550091075,3016.393442622951
4306106,Cruz Alta,RS,43.0,430610,CRUZ ALTA,60453.0,4609397.0,5.325,9470.0,17996594.9,680.0,76247.61384877509,1566.5062114369841
4306130,Cruzaltense,RS,43.0,430613,CRUZALTENSE,1650.0,144764.0,5.325,348.0,426052.52,21.0,87735.75757575757,2109.090909090909
4306205,Cruzeiro do Sul,RS,43.0,430620,CRUZEIRO DO SUL,12574.0,533004.0,5.325,1816.0,3629336.18,132.0,42389.37490058852,1444.2500397645936
4306304,David Canabarro,RS,43.0,430630,DAVID CANABARRO,4400.0,229364.0,5.325,774.0,1810644.06,42.0,52128.181818181816,1759.090909090909
4306320,Derrubadas,RS,43.0,430632,DERRUBADAS,2793.0,148408.0,5.325,678.0,989019.62,29.0,53135.696383816685,2427.4973147153596
4306353,Dezesseis de Novembro,RS,43.0,430635,DEZESSEIS DE NOVEMBRO,2540.0,57175.0,5.325,476.0,626686.08,21.0,22509.84251968504,1874.0157480314963
4306379,Dilermando de Aguiar,RS,43.0,430637,DILERMANDO DE AGUIAR,2856.0,267902.0,5.325,572.0,987750.78,32.0,93803.2212885154,2002.8011204481793
4306403,Dois Irmãos,RS,43.0,430640,DOIS IRMAOS,31805.0,2188545.0,5.325,4680.0,7123003.04,220.0,68811.35041660117,1471.466750510926
4306429,Dois Irmãos das Missões,RS,43.0,430642,DOIS IRMAOS DAS MISSOES,2132.0,199195.0,5.325,384.0,614317.38,22.0,93431.05065666042,1801.125703564728
4306452,Dois Lajeados,RS,43.0,430645,DOIS LAJEADOS,3156.0,172602.0,5.325,1216.0,1281042.24,39.0,54690.114068441064,3852.97845373891
4306502,Dom Feliciano,RS,43.0,430650,DOM FELICIANO,13279.0,356860.0,5.325,2218.0,3315903.04,158.0,26874.01159725883,1670.3064989833572
4306551,Dom Pedro de Alcântara,RS,43.0,430655,DOM PEDRO DE ALCANTARA,2617.0,65534.0,5.325,436.0,943004.0599999999,24.0,25041.65074512801,1666.0298051203667
4306601,Dom Pedrito,RS,43.0,430660,DOM PEDRITO,38080.0,2210948.0,5.325,5544.0,7159519.38,388.0,58060.60924369748,1455.8823529411766
4306700,Dona Francisca,RS,43.0,430670,DONA FRANCISCA,3133.0,106596.0,5.325,592.0,1044213.86,41.0,34023.619533992976,1889.562719438238
4306734,Doutor Maurício Cardoso,RS,43.0,430673,DOUTOR MAURICIO CARDOSO,4533.0,260797.0,5.325,750.0,1197277.64,63.0,57532.980366203396,1654.5334215751159
4306759,Doutor Ricardo,RS,43.0,430675,DOUTOR RICARDO,1924.0,78891.0,5.325,348.0,585272.68,24.0,41003.63825363825,1808.7318087318088
4306767,Eldorado do Sul,RS,43.0,430676,ELDORADO DO SUL,41013.0,2120269.0,5.325,5734.0,11660675.52,267.0,51697.48616292395,1398.0932874942093
4306809,Encantado,RS,43.0,430680,ENCANTADO,23521.0,1168358.0,5.325,3884.0,6312995.46,182.0,49672.97308787892,1651.2903362952256
4306908,Encruzilhada do Sul,RS,43.0,430690,ENCRUZILHADA DO SUL,24275.0,1080949.0,5.325,4298.0,5692228.26,265.0,44529.30998970134,1770.5458290422246
4306924,Engenho Velho,RS,43.0,430692,ENGENHO VELHO,1315.0,73214.0,5.325,296.0,221483.66,15.0,55676.04562737643,2250.950570342205
4306932,Entre-Ijuís,RS,43.0,430693,ENTRE-IJUIS,9368.0,687578.0,5.325,1254.0,2281405.44,105.0,73396.4560204953,1338.599487617421
4306957,Entre Rios do Sul,RS,43.0,430695,ENTRE RIOS DO SUL,2727.0,207517.0,5.325,662.0,814040.86,37.0,76097.1763843051,2427.5760909424275
4306973,Erebango,RS,43.0,430697,EREBANGO,3122.0,180479.0,5.325,678.0,1165108.38,25.0,57808.776425368356,2171.684817424728
4307005,Erechim,RS,43.0,430700,ERECHIM,109610.0,6882629.0,5.325,15328.0,25654233.96,798.0,62791.98065869902,1398.412553599124
4307054,Ernestina,RS,43.0,430705,ERNESTINA,3097.0,265549.0,5.325,508.0,1123230.88,26.0,85743.94575395544,1640.2970616725866
4307104,Herval,RS,43.0,430710,HERVAL,6302.0,253608.0,5.325,780.0,1040405.36,73.0,40242.462710250715,1237.7023167248492
4307203,Erval Grande,RS,43.0,430720,ERVAL GRANDE,5027.0,150883.0,5.325,890.0,1715898.0,48.0,30014.521583449372,1770.4396260194947
4307302,Erval Seco,RS,43.0,430730,ERVAL SECO,6891.0,353968.0,5.325,1290.0,1861035.36,78.0,51366.710201712376,1872.0069656073138
4307401,Esmeralda,RS,43.0,430740,ESMERALDA,3264.0,392860.0,5.325,502.0,911991.54,31.0,120361.51960784313,1537.9901960784314
4307450,Esperança do Sul,RS,43.0,430745,ESPERANCA DO SUL,3293.0,116731.0,5.325,858.0,1439946.66,57.0,35448.22350440328,2605.5268751897966
4307500,Espumoso,RS,43.0,430750,ESPUMOSO,15478.0,1113106.0,5.325,2088.0,4242151.2,161.0,71915.36374208554,1349.0115001938236
4307559,Estação,RS,43.0,430755,ESTACAO,5685.0,350708.0,5.325,1026.0,1410209.62,46.0,61690.061565523305,1804.7493403693932
4307609,Estância Velha,RS,43.0,430760,ESTANCIA VELHA,49500.0,1875498.0,5.325,7510.0,14387657.08,383.0,37888.84848484849,1517.1717171717173
4307708,Esteio,RS,43.0,430770,ESTEIO,78143.0,3749900.0,5.325,15788.0,28294154.24,683.0,47987.663642296815,2020.3985001855574
4307807,Estrela,RS,43.0,430780,ESTRELA,33263.0,2171447.0,5.325,5408.0,10704359.5,286.0,65281.15323332231,1625.8305023599794
4307815,Estrela Velha,RS,43.0,430781,ESTRELA VELHA,3115.0,197415.0,5.325,716.0,1175002.56,30.0,63375.60192616373,2298.5553772070625
4307831,Eugênio de Castro,RS,43.0,430783,EUGENIO DE CASTRO,2683.0,405444.0,5.325,386.0,700822.54,43.0,151115.91502049944,1438.6880357808423
4307864,Fagundes Varela,RS,43.0,430786,FAGUNDES VARELA,2620.0,197919.0,5.325,386.0,437885.26,24.0,75541.60305343512,1473.2824427480916
4307906,Farroupilha,RS,43.0,430790,FARROUPILHA,72553.0,4398457.0,5.325,11390.0,20039294.58,480.0,60624.05413973233,1569.8868413435696
4308003,Faxinal do Soturno,RS,43.0,430800,FAXINAL DO SOTURNO,6846.0,270106.0,5.325,1552.0,2274798.18,69.0,39454.57201285422,2267.0172363423894
4308052,Faxinalzinho,RS,43.0,430805,FAXINALZINHO,2572.0,103166.0,5.325,656.0,849806.62,21.0,40111.197511664075,2550.5443234836707
4308078,Fazenda Vilanova,RS,43.0,430807,FAZENDA VILANOVA,4405.0,140824.0,5.325,932.0,1603204.3800000001,34.0,31969.12599318956,2115.7775255391603
4308102,Feliz,RS,43.0,430810,FELIZ,13994.0,589355.0,5.325,1148.0,2423969.48,108.0,42114.8349292554,820.3515792482492
4308201,Flores da Cunha,RS,43.0,430820,FLORES DA CUNHA,32015.0,2538142.0,5.325,2876.0,5176315.68,216.0,79279.77510541934,898.328908324223
4308250,Floriano Peixoto,RS,43.0,430825,FLORIANO PEIXOTO,1690.0,103059.0,5.325,446.0,537999.06,23.0,60981.65680473373,2639.05325443787
4308300,Fontoura Xavier,RS,43.0,430830,FONTOURA XAVIER,9710.0,227470.0,5.325,1316.0,2864178.48,75.0,23426.364572605562,1355.3038105046344
4308409,Formigueiro,RS,43.0,430840,FORMIGUEIRO,6527.0,302801.0,5.325,984.0,1379733.96,68.0,46392.06373525356,1507.5838823349166
4308433,Forquetinha,RS,43.0,430843,FORQUETINHA,2441.0,58940.0,5.325,374.0,745892.82,26.0,24145.84186808685,1532.158951249488
4308458,Fortaleza dos Valos,RS,43.0,430845,FORTALEZA DOS VALOS,4569.0,564773.0,5.325,390.0,910839.48,48.0,123609.76143576275,853.5784635587656
4308508,Frederico Westphalen,RS,43.0,430850,FREDERICO WESTPHALEN,33726.0,1430611.0,5.325,6680.0,9622882.5,288.0,42418.63843918638,1980.6677340923918
4308607,Garibaldi,RS,43.0,430860,GARIBALDI,35563.0,2997969.0,5.325,4900.0,7145606.18,282.0,84300.22776481175,1377.8365154795715
4308656,Garruchos,RS,43.0,430865,GARRUCHOS,2724.0,200967.0,5.325,298.0,339365.92,15.0,73776.43171806168,1093.979441997063
4308706,Gaurama,RS,43.0,430870,GAURAMA,5778.0,282773.0,5.325,1140.0,1354838.18,65.0,48939.59847698166,1973.0010384215993
4308805,General Câmara,RS,43.0,430880,GENERAL CAMARA,7743.0,276374.0,5.325,1400.0,2007756.12,69.0,35693.40049076585,1808.0847216841016
4308854,Gentil,RS,43.0,430885,GENTIL,1784.0,190648.0,5.325,216.0,787966.94,23.0,106865.47085201794,1210.7623318385652
4308904,Getúlio Vargas,RS,43.0,430890,GETULIO VARGAS,16956.0,793664.0,5.325,3566.0,5367673.9,141.0,46807.26586459071,2103.090351497995
4309001,Giruá,RS,43.0,430900,GIRUA,16273.0,1202945.0,5.325,3568.0,4918289.48,206.0,73922.75548454495,2192.5889510231673
4309050,Glorinha,RS,43.0,430905,GLORINHA,7851.0,461888.0,5.325,842.0,1826573.6199999999,74.0,58831.741179467586,1072.4748439689213
4309100,Gramado,RS,43.0,430910,GRAMADO,41706.0,2658034.0,5.325,7166.0,9896467.4,278.0,63732.65237615691,1718.2180022059176
4309126,Gramado dos Loureiros,RS,43.0,430912,GRAMADO DOS LOUREIROS,2047.0,94580.0,5.325,714.0,899946.68,16.0,46204.20127015144,3488.0312652662433
4309159,Gramado Xavier,RS,43.0,430915,GRAMADO XAVIER,3350.0,109483.0,5.325,388.0,513481.82,34.0,32681.492537313432,1158.2089552238806
4309209,Gravataí,RS,43.0,430920,GRAVATAI,275432.0,10261656.0,5.325,27746.0,60205548.18,2179.0,37256.58601760144,1007.3629788840803
4309258,Guabiju,RS,43.0,430925,GUABIJU,1441.0,132788.0,5.325,244.0,301020.96,11.0,92149.8959056211,1693.268563497571
4309308,Guaíba,RS,43.0,430930,GUAIBA,95946.0,8284825.0,5.325,12978.0,26409858.62,799.0,86348.83163446105,1352.6358576699392
4309407,Guaporé,RS,43.0,430940,GUAPORE,26168.0,1149055.0,5.325,3944.0,6172744.64,193.0,43910.69244879242,1507.1843472944054
4309506,Guarani das Missões,RS,43.0,430950,GUARANI DAS MISSOES,7547.0,362625.0,5.325,1336.0,1525605.8,105.0,48048.893600106,1770.2398303961838
4309555,Harmonia,RS,43.0,430955,HARMONIA,5535.0,245497.0,5.325,668.0,1593533.84,58.0,44353.56820234869,1206.8654019873532
4309571,Herveiras,RS,43.0,430957,HERVEIRAS,2604.0,71143.0,5.325,634.0,557770.76,30.0,27320.660522273425,2434.715821812596
4309605,Horizontina,RS,43.0,430960,HORIZONTINA,19252.0,2608198.0,5.325,3084.0,4600177.76,163.0,135476.72969042178,1601.911489715354
4309654,Hulha Negra,RS,43.0,430965,HULHA NEGRA,6102.0,314488.0,5.325,740.0,1028376.48,36.0,51538.51196329072,1212.7171419206818
4309704,Humaitá,RS,43.0,430970,HUMAITA,4772.0,229249.0,5.325,1190.0,1312647.34,57.0,48040.444258172676,2493.7133277451803
4309753,Ibarama,RS,43.0,430975,IBARAMA,3787.0,112227.0,5.325,738.0,966925.94,33.0,29634.803274359652,1948.7721151307103
4309803,Ibiaçá,RS,43.0,430980,IBIACA,4617.0,367295.0,5.325,482.0,1087486.86,51.0,79552.73987437731,1043.96794455274
4309902,Ibiraiaras,RS,43.0,430990,IBIRAIARAS,6827.0,399693.0,5.325,886.0,1697159.6,65.0,58545.920609345245,1297.7881939358429
4309951,Ibirapuitã,RS,43.0,430995,IBIRAPUITA,3788.0,213522.0,5.325,610.0,1018904.74,48.0,56368.00422386484,1610.3484688489968
4310009,Ibirubá,RS,43.0,431000,IBIRUBA,22106.0,1722057.0,5.325,3362.0,5415310.04,194.0,77899.98190536506,1520.854066769203
4310108,Igrejinha,RS,43.0,431010,IGREJINHA,34777.0,1888887.0,5.325,8644.0,12467257.96,296.0,54314.25942433217,2485.5507950657043
4310207,Ijuí,RS,43.0,431020,IJUI,87849.0,5190405.0,5.325,11326.0,22999286.94,741.0,59083.25649694362,1289.2577035595168
4310306,Ilópolis,RS,43.0,431030,ILOPOLIS,4245.0,140570.0,5.325,790.0,1235268.92,42.0,33114.252061248524,1861.0129564193167
4310330,Imbé,RS,43.0,431033,IMBE,28029.0,626823.0,5.325,4028.0,8381989.96,297.0,22363.373648720968,1437.0830211566592
4310363,Imigrante,RS,43.0,431036,IMIGRANTE,3149.0,519190.0,5.325,610.0,1014944.18,24.0,164874.56335344553,1937.1228961575105
4310405,Independência,RS,43.0,431040,INDEPENDENCIA,6557.0,494166.0,5.325,1002.0,2039018.72,80.0,75364.64846728687,1528.1378679274058
4310413,Inhacorá,RS,43.0,431041,INHACORA,2047.0,110557.0,5.325,646.0,516684.38,21.0,54009.28187591598,3155.8378114313628
4310439,Ipê,RS,43.0,431043,IPE,5490.0,298583.0,5.325,978.0,1375147.48,62.0,54386.70309653916,1781.4207650273222
4310462,Ipiranga do Sul,RS,43.0,431046,IPIRANGA DO SUL,1748.0,177629.0,5.325,328.0,630561.22,18.0,101618.42105263157,1876.4302059496567
4310504,Iraí,RS,43.0,431050,IRAI,7631.0,254492.0,5.325,2638.0,3127051.7,92.0,33349.75756781549,3456.95190669637
4310538,Itaara,RS,43.0,431053,ITAARA,5712.0,286659.0,5.325,790.0,1542535.68,43.0,50185.399159663866,1383.0532212885155
4310553,Itacurubi,RS,43.0,431055,ITACURUBI,3038.0,246287.0,5.325,426.0,741024.3,22.0,81068.7952600395,1402.238314680711
4310579,Itapuca,RS,43.0,431057,ITAPUCA,1963.0,94235.0,5.325,436.0,654348.92,19.0,48005.60366785532,2221.090168110036
4310603,Itaqui,RS,43.0,431060,ITAQUI,36811.0,2186929.0,5.325,5972.0,7926866.68,318.0,59409.66015593165,1622.3411480264053
4310652,Itati,RS,43.0,431065,ITATI,2696.0,86739.0,5.325,456.0,1162133.64,22.0,32173.21958456973,1691.3946587537093
4310702,Itatiba do Sul,RS,43.0,431070,ITATIBA DO SUL,3240.0,81707.0,5.325,518.0,888573.4,35.0,25218.20987654321,1598.7654320987654
4310751,Ivorá,RS,43.0,431075,IVORA,1962.0,71911.0,5.325,420.0,601084.14,28.0,36651.885830784915,2140.672782874618
4310801,Ivoti,RS,43.0,431080,IVOTI,23567.0,1180387.0,5.325,3328.0,5265819.74,155.0,50086.43442101243,1412.1440998005685
4310850,Jaboticaba,RS,43.0,431085,JABOTICABA,3847.0,136730.0,5.325,958.0,988011.34,38.0,35541.98076423187,2490.2521445282036
4310876,Jacuizinho,RS,43.0,431087,JACUIZINHO,2066.0,224027.0,5.325,252.0,715899.36,23.0,108435.1403678606,1219.7483059051308
4310900,Jacutinga,RS,43.0,431090,JACUTINGA,3398.0,232301.0,5.325,364.0,762176.12,38.0,68364.03766921718,1071.2183637433784
4311007,Jaguarão,RS,43.0,431100,JAGUARAO,27396.0,1059396.0,5.325,3840.0,6150175.74,337.0,38669.73280770915,1401.6644765659219
4311106,Jaguari,RS,43.0,431110,JAGUARI,10771.0,378020.0,5.325,2444.0,3069617.18,133.0,35096.09135642002,2269.0557979760465
4311122,Jaquirana,RS,43.0,431112,JAQUIRANA,3751.0,94042.0,5.325,732.0,927064.76,31.0,25071.181018395095,1951.4796054385497
4311130,Jari,RS,43.0,431113,JARI,3412.0,469006.0,5.325,572.0,766736.72,44.0,137457.796014068,1676.4361078546308
4311155,Jóia,RS,43.0,431115,JOIA,7294.0,975410.0,5.325,936.0,2026677.7,79.0,133727.72141486153,1283.2465039758706
4311205,Júlio de Castilhos,RS,43.0,431120,JULIO DE CASTILHOS,18545.0,1925175.0,5.325,3332.0,5134893.42,181.0,103811.00026961445,1796.710703693718
4311239,Lagoa Bonita do Sul,RS,43.0,431123,LAGOA BONITA DO SUL,2283.0,68916.0,5.325,468.0,782731.18,23.0,30186.59658344284,2049.934296977661
4311254,Lagoão,RS,43.0,431125,LAGOAO,5421.0,154690.0,5.325,710.0,1494004.2,58.0,28535.3255856853,1309.7214536063457
4311270,Lagoa dos Três Cantos,RS,43.0,431127,LAGOA DOS TRES CANTOS,1781.0,157140.0,5.325,242.0,290300.38,18.0,88231.33071308254,1358.7871982032566
4311304,Lagoa Vermelha,RS,43.0,431130,LAGOA VERMELHA,28622.0,1513404.0,5.325,4108.0,6831992.76,266.0,52875.55027601146,1435.259590524771
4311403,Lajeado,RS,43.0,431140,LAJEADO,96883.0,5596183.0,5.325,10390.0,18628258.76,612.0,57762.28027620945,1072.427567271864
4311429,Lajeado do Bugre,RS,43.0,431142,LAJEADO DO BUGRE,2661.0,74875.0,5.325,330.0,555542.54,22.0,28137.91807591131,1240.1352874859076
4311502,Lavras do Sul,RS,43.0,431150,LAVRAS DO SUL,7290.0,497629.0,5.325,816.0,952952.56,64.0,68261.86556927298,1119.3415637860082
4311601,Liberato Salzano,RS,43.0,431160,LIBERATO SALZANO,4845.0,172443.0,5.325,754.0,1419750.92,55.0,35591.95046439629,1556.2435500515994
4311627,Lindolfo Collor,RS,43.0,431162,LINDOLFO COLLOR,6420.0,365850.0,5.325,1222.0,1504676.9,34.0,56985.98130841122,1903.4267912772584
4311643,Linha Nova,RS,43.0,431164,LINHA NOVA,1721.0,65579.0,5.325,272.0,373296.2,8.0,38105.171411969786,1580.4764671702499
4311700,Machadinho,RS,43.0,431170,MACHADINHO,5867.0,272824.0,5.325,1032.0,1959375.16,45.0,46501.448781319246,1758.9909664223624
4311718,Maçambará,RS,43.0,431171,MACAMBARA,4485.0,582043.0,5.325,848.0,1217636.36,25.0,129775.47380156076,1890.746934225195
4311734,Mampituba,RS,43.0,431173,MAMPITUBA,3203.0,70214.0,5.325,298.0,571404.1,31.0,21921.32375897596,930.3777708398377
4311759,Manoel Viana,RS,43.0,431175,MANOEL VIANA,6915.0,546972.0,5.325,442.0,1089951.1,71.0,79099.34924078091,639.1901663051337
4311775,Maquiné,RS,43.0,431177,MAQUINE,7593.0,190484.0,5.325,914.0,1700297.6400000001,57.0,25086.790464901882,1203.7402871065456
4311791,Maratá,RS,43.0,431179,MARATA,2521.0,80817.0,5.325,430.0,699496.96,22.0,32057.51685838953,1705.672352241174
4311809,Marau,RS,43.0,431180,MARAU,46750.0,3060022.0,5.325,5582.0,10565425.6,299.0,65455.01604278075,1194.0106951871658
4311908,Marcelino Ramos,RS,43.0,431190,MARCELINO RAMOS,4382.0,167825.0,5.325,966.0,1489325.74,50.0,38298.722044728434,2204.472843450479
4311981,Mariana Pimentel,RS,43.0,431198,MARIANA PIMENTEL,4002.0,104496.0,5.325,514.0,960746.64,34.0,26110.944527736134,1284.3578210894552
4312005,Mariano Moro,RS,43.0,431200,MARIANO MORO,1884.0,72888.0,5.325,394.0,843668.5,16.0,38687.89808917198,2091.295116772824
4312054,Marques de Souza,RS,43.0,431205,MARQUES DE SOUZA,4050.0,124135.0,5.325,1172.0,1270075.18,55.0,30650.617283950618,2893.8271604938273
4312104,Mata,RS,43.0,431210,MATA,4782.0,169006.0,5.325,798.0,1051933.6199999999,53.0,35342.11626934337,1668.757841907152
4312138,Mato Castelhano,RS,43.0,431213,MATO CASTELHANO,2611.0,168255.0,5.325,490.0,1247222.68,24.0,64440.8272692455,1876.6756032171581
4312153,Mato Leitão,RS,43.0,431215,MATO LEITAO,5001.0,180537.0,5.325,774.0,1264451.8,46.0,36100.1799640072,1547.6904619076186
4312179,Mato Queimado,RS,43.0,431217,MATO QUEIMADO,1833.0,88446.0,5.325,428.0,580285.58,12.0,48252.04582651391,2334.9699945444627
4312203,Maximiliano de Almeida,RS,43.0,431220,MAXIMILIANO DE ALMEIDA,4251.0,161123.0,5.325,1514.0,1524583.84,45.0,37902.375911550225,3561.514937661727
4312252,Minas do Leão,RS,43.0,431225,MINAS DO LEAO,7661.0,279177.0,5.325,1346.0,2191656.78,70.0,36441.32619762433,1756.9507897141366
4312302,Miraguaí,RS,43.0,431230,MIRAGUAI,4501.0,190386.0,5.325,1046.0,1849662.34,43.0,42298.60031104199,2323.928015996445
4312351,Montauri,RS,43.0,431235,MONTAURI,1530.0,98138.0,5.325,238.0,456724.44,21.0,64142.48366013072,1555.5555555555557
4312377,Monte Alegre dos Campos,RS,43.0,431237,MONTE ALEGRE DOS CAMPOS,3251.0,109730.0,5.325,612.0,866585.74,32.0,33752.69147954475,1882.497693017533
4312385,Monte Belo do Sul,RS,43.0,431238,MONTE BELO DO SUL,2608.0,94435.0,5.325,402.0,1054271.2,26.0,36209.73926380368,1541.4110429447853
4312401,Montenegro,RS,43.0,431240,MONTENEGRO,66353.0,5752345.0,5.325,7882.0,14028505.24,559.0,86693.0658749416,1187.889017828885
4312427,Mormaço,RS,43.0,431242,MORMACO,2796.0,153334.0,5.325,414.0,765704.66,23.0,54840.486409155936,1480.6866952789699
4312443,Morrinhos do Sul,RS,43.0,431244,MORRINHOS DO SUL,3133.0,81466.0,5.325,380.0,931647.78,21.0,26002.553463134376,1212.8949888285988
4312450,Morro Redondo,RS,43.0,431245,MORRO REDONDO,6168.0,132445.0,5.325,646.0,1818098.74,87.0,21472.92477302205,1047.3411154345006
4312476,Morro Reuter,RS,43.0,431247,MORRO REUTER,6167.0,274167.0,5.325,932.0,1927524.98,48.0,44457.110426463434,1511.2696610994
4312500,Mostardas,RS,43.0,431250,MOSTARDAS,12347.0,643326.0,5.325,1720.0,3339454.26,112.0,52103.83089009476,1393.05094354904
4312609,Muçum,RS,43.0,431260,MUCUM,4692.0,301852.0,5.325,778.0,1291894.12,49.0,64333.333333333336,1658.141517476556
4312617,Muitos Capões,RS,43.0,431261,MUITOS CAPOES,2937.0,1122086.0,5.325,404.0,920787.72,32.0,382051.75348995574,1375.5532856656453
4312625,Muliterno,RS,43.0,431262,MULITERNO,1754.0,91988.0,5.325,344.0,672228.26,8.0,52444.69783352337,1961.2314709236032
4312658,Não-Me-Toque,RS,43.0,431265,NAO-ME-TOQUE,18335.0,2207535.0,5.325,2560.0,4697473.56,149.0,120400.05454049632,1396.2367057540223
4312674,Nicolau Vergueiro,RS,43.0,431267,NICOLAU VERGUEIRO,1982.0,146252.0,5.325,410.0,888204.14,25.0,73790.11099899092,2068.6175580222
4312708,Nonoai,RS,43.0,431270,NONOAI,14074.0,525507.0,5.325,3794.0,3969364.96,120.0,37338.85178343044,2695.7510302685805
4312757,Nova Alvorada,RS,43.0,431275,NOVA ALVORADA,3229.0,236575.0,5.325,414.0,1143126.06,20.0,73265.71694022918,1282.13069061629
4312807,Nova Araçá,RS,43.0,431280,NOVA ARACA,5098.0,327226.0,5.325,652.0,1100109.98,35.0,64187.1322087093,1278.932914868576
4312906,Nova Bassano,RS,43.0,431290,NOVA BASSANO,9867.0,802207.0,5.325,1562.0,1998425.28,75.0,81302.01682375596,1583.0546265328874
4312955,Nova Boa Vista,RS,43.0,431295,NOVA BOA VISTA,2089.0,145343.0,5.325,414.0,535176.14,25.0,69575.39492580183,1981.8094782192436
4313003,Nova Bréscia,RS,43.0,431300,NOVA BRESCIA,3104.0,141144.0,5.325,814.0,1008415.8,42.0,45471.64948453608,2622.4226804123714
4313011,Nova Candelária,RS,43.0,431301,NOVA CANDELARIA,3138.0,229431.0,5.325,564.0,688999.78,18.0,73113.76673040153,1797.3231357552584
4313037,Nova Esperança do Sul,RS,43.0,431303,NOVA ESPERANCA DO SUL,4976.0,172366.0,5.325,792.0,1527589.18,42.0,34639.46945337621,1591.6398713826366
4313060,Nova Hartz,RS,43.0,431306,NOVA HARTZ,20559.0,805698.0,5.325,3078.0,5441740.34,157.0,39189.55202101269,1497.1545308623959
4313086,Nova Pádua,RS,43.0,431308,NOVA PADUA,2389.0,100211.0,5.325,148.0,238924.2,16.0,41946.83968187526,619.5060694851402
4313102,Nova Palma,RS,43.0,431310,NOVA PALMA,5676.0,382689.0,5.325,1302.0,1323045.96,49.0,67422.3044397463,2293.8689217758983
4313201,Nova Petrópolis,RS,43.0,431320,NOVA PETROPOLIS,23934.0,972689.0,5.325,3308.0,4907296.62,215.0,40640.46962480154,1382.1342023899056
4313300,Nova Prata,RS,43.0,431330,NOVA PRATA,26638.0,1730043.0,5.325,3664.0,5798501.04,179.0,64946.42991215557,1375.4786395375029
4313334,Nova Ramada,RS,43.0,431333,NOVA RAMADA,2198.0,304678.0,5.325,432.0,492442.9,28.0,138616.01455868973,1965.4231119199274
4313359,Nova Roma do Sul,RS,43.0,431335,NOVA ROMA DO SUL,3545.0,169305.0,5.325,404.0,935363.74,46.0,47758.81523272215,1139.6332863187588
4313375,Nova Santa Rita,RS,43.0,431337,NOVA SANTA RITA,30190.0,2487522.0,5.325,4126.0,8053007.88,206.0,82395.56144418682,1366.6777078502814
4313391,Novo Cabrais,RS,43.0,431339,NOVO CABRAIS,3633.0,133172.0,5.325,650.0,1237710.44,33.0,36656.20699146711,1789.1549683457197
4313409,Novo Hamburgo,RS,43.0,431340,NOVO HAMBURGO,235801.0,10037923.0,5.325,29698.0,64046160.58,2108.0,42569.46747469265,1259.4518259040462
4313425,Novo Machado,RS,43.0,431342,NOVO MACHADO,3238.0,186355.0,5.325,840.0,1016142.58,50.0,57552.50154416306,2594.1939468807905
4313441,Novo Tiradentes,RS,43.0,431344,NOVO TIRADENTES,2187.0,74729.0,5.325,728.0,1236400.76,22.0,34169.63877457705,3328.7608596250575
4313466,Novo Xingu,RS,43.0,431346,NOVO XINGU,1677.0,75034.0,5.325,386.0,641105.8200000001,22.0,44742.99344066786,2301.7292784734645
4313490,Novo Barreiro,RS,43.0,431349,NOVO BARREIRO,4375.0,135200.0,5.325,808.0,1795039.6600000001,36.0,30902.85714285714,1846.857142857143
4313508,Osório,RS,43.0,431350,OSORIO,49000.0,1819038.0,5.325,6400.0,12469491.040000001,401.0,37123.22448979592,1306.122448979592
4313607,Paim Filho,RS,43.0,431360,PAIM FILHO,3685.0,167646.0,5.325,1070.0,1551154.46,37.0,45494.16553595658,2903.6635006784263
4313656,Palmares do Sul,RS,43.0,431365,PALMARES DO SUL,13190.0,735606.0,5.325,1872.0,3434818.94,138.0,55769.97725549659,1419.257012888552
4313706,Palmeira das Missões,RS,43.0,431370,PALMEIRA DAS MISSOES,34227.0,2215057.0,5.325,5904.0,10783935.22,312.0,64716.65644082157,1724.9539836970812
4313805,Palmitinho,RS,43.0,431380,PALMITINHO,8042.0,271643.0,5.325,2612.0,3093003.8,92.0,33778.04028848545,3247.948271574235
4313904,Panambi,RS,43.0,431390,PANAMBI,45103.0,3167752.0,5.325,6326.0,8750270.24,300.0,70233.73168081946,1402.5674567101967
4313953,Pantano Grande,RS,43.0,431395,PANTANO GRANDE,10443.0,533689.0,5.325,1364.0,2418713.42,93.0,51104.95068466916,1306.1380829263621
4314001,Paraí,RS,43.0,431400,PARAI,7362.0,424447.0,5.325,996.0,1346970.2,49.0,57653.76256452051,1352.8932355338225
4314027,Paraíso do Sul,RS,43.0,431402,PARAISO DO SUL,6620.0,207386.0,5.325,1378.0,1589916.22,81.0,31327.190332326285,2081.5709969788522
4314035,Pareci Novo,RS,43.0,431403,PARECI NOVO,4441.0,136435.0,5.325,632.0,1458771.18,39.0,30721.684305336636,1423.1029047511822
4314050,Parobé,RS,43.0,431405,PAROBE,53569.0,1390320.0,5.325,12698.0,17558257.28,406.0,25953.816573017975,2370.400791502548
4314068,Passa Sete,RS,43.0,431406,PASSA SETE,4024.0,132983.0,5.325,976.0,1361857.68,36.0,33047.46520874751,2425.4473161033798
4314076,Passo do Sobrado,RS,43.0,431407,PASSO DO SOBRADO,6155.0,229641.0,5.325,1022.0,2179063.96,68.0,37309.66693744923,1660.438667749797
4314100,Passo Fundo,RS,43.0,431410,PASSO FUNDO,214815.0,12552867.0,5.325,32908.0,72503814.28,1706.0,58435.7097968019,1531.9228173079161
4314134,Paulo Bento,RS,43.0,431413,PAULO BENTO,2188.0,195870.0,5.325,394.0,795663.74,19.0,89520.10968921389,1800.73126142596
4314159,Paverama,RS,43.0,431415,PAVERAMA,8146.0,242458.0,5.325,1210.0,1983137.54,79.0,29764.055978394303,1485.3916032408542
4314175,Pedras Altas,RS,43.0,431417,PEDRAS ALTAS,2099.0,386190.0,5.325,178.0,429715.7,24.0,183987.61314911864,848.0228680323963
4314209,Pedro Osório,RS,43.0,431420,PEDRO OSORIO,7631.0,270651.0,5.325,1140.0,1582310.76,96.0,35467.30441619709,1493.9064342812214
4314308,Pejuçara,RS,43.0,431430,PEJUCARA,3817.0,464212.0,5.325,638.0,887375.12,40.0,121616.9766832591,1671.4697406340056
4314407,Pelotas,RS,43.0,431440,PELOTAS,336150.0,10778176.0,5.325,36700.0,86849872.94,3457.0,32063.590658932026,1091.774505429124
4314423,Picada Café,RS,43.0,431442,PICADA CAFE,5473.0,386453.0,5.325,840.0,1328172.76,42.0,70610.81673670748,1534.8072355198246
4314456,Pinhal,RS,43.0,431445,PINHAL,3039.0,123342.0,5.325,1014.0,1227031.44,26.0,40586.37709772951,3336.623889437315
4314464,Pinhal da Serra,RS,43.0,431446,PINHAL DA SERRA,2300.0,304725.0,5.325,338.0,518758.98,22.0,132489.13043478262,1469.5652173913043
4314472,Pinhal Grande,RS,43.0,431447,PINHAL GRANDE,3861.0,931834.0,5.325,688.0,886101.9400000001,38.0,241345.24734524734,1781.921781921782
4314498,Pinheirinho do Vale,RS,43.0,431449,PINHEIRINHO DO VALE,4638.0,131549.0,5.325,1096.0,1247746.18,31.0,28363.30314790858,2363.0875377317807
4314506,Pinheiro Machado,RS,43.0,431450,PINHEIRO MACHADO,11394.0,397726.0,5.325,1332.0,2307594.22,161.0,34906.61751799192,1169.0363349131121
4314548,Pinto Bandeira,RS,43.0,431454,PINTO BANDEIRA,2785.0,74286.0,5.325,238.0,405870.58,25.0,26673.608617594255,854.5780969479354
4314555,Pirapó,RS,43.0,431455,PIRAPO,2255.0,94672.0,5.325,370.0,560500.94,40.0,41983.148558758316,1640.79822616408
4314605,Piratini,RS,43.0,431460,PIRATINI,17770.0,880277.0,5.325,3566.0,3625295.82,210.0,49537.25379853686,2006.7529544175577
4314704,Planalto,RS,43.0,431470,PLANALTO,10625.0,252508.0,5.325,2484.0,3343926.96,109.0,23765.45882352941,2337.8823529411766
4314753,Poço das Antas,RS,43.0,431475,POCO DAS ANTAS,2224.0,131757.0,5.325,404.0,726454.96,23.0,59243.25539568345,1816.5467625899282
4314779,Pontão,RS,43.0,431477,PONTAO,3345.0,403317.0,5.325,752.0,1772291.26,39.0,120573.0941704036,2248.13153961136
4314787,Ponte Preta,RS,43.0,431478,PONTE PRETA,1602.0,96049.0,5.325,302.0,592073.72,15.0,59955.68039950063,1885.1435705368287
4314803,Portão,RS,43.0,431480,PORTAO,35274.0,1662403.0,5.325,5598.0,10002638.66,316.0,47128.28145376198,1587.0045926177922
4314902,Porto Alegre,RS,43.0,431490,PORTO ALEGRE,1388791.0,81563063.0,5.325,214136.0,431363688.02,12906.0,58729.544618304695,1541.8878722572365
4315008,Porto Lucena,RS,43.0,431500,PORTO LUCENA,4413.0,135662.0,5.325,1202.0,1190011.52,70.0,30741.445728529347,2723.770677543621
4315057,Porto Mauá,RS,43.0,431505,PORTO MAUA,2173.0,89350.0,5.325,406.0,632798.74,24.0,41118.269673262774,1868.384721583065
4315073,Porto Vera Cruz,RS,43.0,431507,PORTO VERA CRUZ,1582.0,45212.0,5.325,458.0,694137.62,22.0,28579.013906447533,2895.069532237674
4315107,Porto Xavier,RS,43.0,431510,PORTO XAVIER,10127.0,210927.0,5.325,1846.0,2474853.08,92.0,20828.18208748889,1822.849807445443
4315131,Pouso Novo,RS,43.0,431513,POUSO NOVO,1771.0,61420.0,5.325,502.0,572983.14,20.0,34680.97120271033,2834.556747600226
4315149,Presidente Lucena,RS,43.0,431514,PRESIDENTE LUCENA,3166.0,213813.0,5.325,610.0,953045.22,23.0,67534.11244472521,1926.7214150347443
4315156,Progresso,RS,43.0,431515,PROGRESSO,5423.0,166517.0,5.325,1792.0,1793237.18,55.0,30705.697953162457,3304.444034667158
4315172,Protásio Alves,RS,43.0,431517,PROTASIO ALVES,2070.0,93263.0,5.325,412.0,620402.02,16.0,45054.58937198068,1990.3381642512077
4315206,Putinga,RS,43.0,431520,PUTINGA,3809.0,133443.0,5.325,728.0,889644.94,41.0,35033.604620635335,1911.2627986348125
4315305,Quaraí,RS,43.0,431530,QUARAI,23995.0,625752.0,5.325,3490.0,4436330.22,218.0,26078.433006876432,1454.46968118358
4315313,Quatro Irmãos,RS,43.0,431531,QUATRO IRMAOS,1577.0,185963.0,5.325,302.0,502062.48,15.0,117922.00380469246,1915.028535193405
4315321,Quevedos,RS,43.0,431532,QUEVEDOS,2553.0,299304.0,5.325,292.0,582957.36,11.0,117236.19271445359,1143.7524481002743
4315354,Quinze de Novembro,RS,43.0,431535,QUINZE DE NOVEMBRO,4003.0,255121.0,5.325,756.0,905572.42,31.0,63732.450662003495,1888.5835623282537
4315404,Redentora,RS,43.0,431540,REDENTORA,9931.0,232904.0,5.325,2264.0,2946470.7399999998,81.0,23452.220320209446,2279.7301379518676
4315453,Relvado,RS,43.0,431545,RELVADO,1825.0,82687.0,5.325,332.0,516723.52,26.0,45307.94520547945,1819.1780821917807
4315503,Restinga Sêca,RS,43.0,431550,RESTINGA SECA,15205.0,673423.0,5.325,2862.0,3649028.88,145.0,44289.575797435056,1882.275567247616
4315552,Rio dos Índios,RS,43.0,431555,RIO DOS INDIOS,2866.0,136486.0,5.325,780.0,882989.92,27.0,47622.47034193999,2721.563154221912
4315602,Rio Grande,RS,43.0,431560,RIO GRANDE,198935.0,13282201.0,5.325,24472.0,44651054.26,2118.0,66766.53680850529,1230.150551687737
4315701,Rio Pardo,RS,43.0,431570,RIO PARDO,35641.0,1390525.0,5.325,5638.0,9114189.04,396.0,39014.758283998766,1581.8860301338348
4315750,Riozinho,RS,43.0,431575,RIOZINHO,4574.0,155849.0,5.325,950.0,1543179.62,56.0,34072.80279842589,2076.9567118495847
4315800,Roca Sales,RS,43.0,431580,ROCA SALES,10646.0,576083.0,5.325,1530.0,2264569.56,125.0,54112.62445989104,1437.1594965245163
4315909,Rodeio Bonito,RS,43.0,431590,RODEIO BONITO,6831.0,279280.0,5.325,1934.0,2681143.14,60.0,40884.20436246523,2831.2106572976136
4315958,Rolador,RS,43.0,431595,ROLADOR,2330.0,161914.0,5.325,420.0,705373.66,34.0,69490.98712446351,1802.5751072961375
4316006,Rolante,RS,43.0,431600,ROLANTE,21753.0,731611.0,5.325,4296.0,6495121.58,229.0,33632.648370339724,1974.9000137912012
4316105,Ronda Alta,RS,43.0,431610,RONDA ALTA,9969.0,471554.0,5.325,2508.0,3266373.08,85.0,47302.03631256896,2515.7989768281673
4316204,Rondinha,RS,43.0,431620,RONDINHA,5078.0,268874.0,5.325,1000.0,1607911.88,65.0,52948.79873966128,1969.2792437967705
4316303,Roque Gonzales,RS,43.0,431630,ROQUE GONZALES,6692.0,437026.0,5.325,1434.0,1546037.76,69.0,65305.738194859536,2142.8571428571427
4316402,Rosário do Sul,RS,43.0,431640,ROSARIO DO SUL,37673.0,1381976.0,5.325,7062.0,10316290.42,380.0,36683.460303134874,1874.5520664667004
4316428,Sagrada Família,RS,43.0,431642,SAGRADA FAMILIA,2528.0,82616.0,5.325,454.0,912191.48,28.0,32680.379746835442,1795.8860759493673
4316436,Saldanha Marinho,RS,43.0,431643,SALDANHA MARINHO,2619.0,254248.0,5.325,298.0,574082.08,23.0,97078.2741504391,1137.8388697976327
4316451,Salto do Jacuí,RS,43.0,431645,SALTO DO JACUI,10357.0,1213458.0,5.325,2076.0,3016204.08,109.0,117163.07811142223,2004.441440571594
4316477,Salvador das Missões,RS,43.0,431647,SALVADOR DAS MISSOES,2955.0,178470.0,5.325,486.0,984788.66,31.0,60395.93908629441,1644.6700507614212
4316501,Salvador do Sul,RS,43.0,431650,SALVADOR DO SUL,7184.0,337663.0,5.325,832.0,1615714.86,71.0,47002.08797327394,1158.1291759465478
4316600,Sananduva,RS,43.0,431660,SANANDUVA,16770.0,843826.0,5.325,3254.0,4728503.54,124.0,50317.590936195586,1940.3697078115683
4316709,Santa Bárbara do Sul,RS,43.0,431670,SANTA BARBARA DO SUL,8268.0,1336030.0,5.325,1522.0,2334354.98,106.0,161590.46927914853,1840.8321238509918
4316733,Santa Cecília do Sul,RS,43.0,431673,SANTA CECILIA DO SUL,1710.0,143880.0,5.325,280.0,550117.82,15.0,84140.35087719298,1637.4269005847952
4316758,Santa Clara do Sul,RS,43.0,431675,SANTA CLARA DO SUL,7080.0,339107.0,5.325,1032.0,1861561.1400000001,61.0,47896.46892655367,1457.6271186440679
4316808,Santa Cruz do Sul,RS,43.0,431680,SANTA CRUZ DO SUL,138273.0,9815201.0,5.325,17194.0,30202106.58,1303.0,70984.21962349844,1243.4820970109856
4316907,Santa Maria,RS,43.0,431690,SANTA MARIA,282397.0,9562066.0,5.325,33082.0,56522460.78,2515.0,33860.36678859903,1171.4713683219015
4316956,Santa Maria do Herval,RS,43.0,431695,SANTA MARIA DO HERVAL,6486.0,279409.0,5.325,708.0,1173609.8,42.0,43078.785075547334,1091.581868640148
4316972,Santa Margarida do Sul,RS,43.0,431697,SANTA MARGARIDA DO SUL,2661.0,361016.0,5.325,306.0,831868.52,17.0,135669.29725667043,1149.9436302142053
4317004,Santana da Boa Vista,RS,43.0,431700,SANTANA DA BOA VISTA,7128.0,364901.0,5.325,634.0,1630651.26,91.0,51192.620650953984,889.4500561167227
4317103,Sant'Ana do Livramento,RS,43.0,431710,SANT'ANA DO LIVRAMENTO,87330.0,2823928.0,5.325,11798.0,17631028.12,830.0,32336.287644566586,1350.9675941829842
4317202,Santa Rosa,RS,43.0,431720,SANTA ROSA,79489.0,3732053.0,5.325,12666.0,23258162.58,692.0,46950.55919687001,1593.42802148725
4317251,Santa Tereza,RS,43.0,431725,SANTA TEREZA,1529.0,49851.0,5.325,312.0,364016.72,25.0,32603.662524525833,2040.549378678875
4317301,Santa Vitória do Palmar,RS,43.0,431730,SANTA VITORIA DO PALMAR,31965.0,1755631.0,5.325,4196.0,5523783.4,364.0,54923.541373377135,1312.6857500391054
4317400,Santiago,RS,43.0,431740,SANTIAGO,50336.0,2021451.0,5.325,7214.0,12883563.66,569.0,40159.15050858233,1433.169103623649
4317509,Santo Ângelo,RS,43.0,431750,SANTO ANGELO,79146.0,3180273.0,5.325,9828.0,17122249.6,783.0,40182.35918429232,1241.7557425517398
4317558,Santo Antônio do Palma,RS,43.0,431755,SANTO ANTONIO DO PALMA,2134.0,119797.0,5.325,418.0,628204.0,16.0,56137.30084348641,1958.7628865979382
4317608,Santo Antônio da Patrulha,RS,43.0,431760,SANTO ANTONIO DA PATRULHA,44431.0,1680505.0,5.325,7016.0,11908446.3,372.0,37822.8038981792,1579.0776709954762
4317707,Santo Antônio das Missões,RS,43.0,431770,SANTO ANTONIO DAS MISSOES,10485.0,673946.0,5.325,1352.0,1942755.22,120.0,64277.15784453982,1289.4611349546972
4317756,Santo Antônio do Planalto,RS,43.0,431775,SANTO ANTONIO DO PLANALTO,2138.0,189470.0,5.325,314.0,597387.28,18.0,88620.2057998129,1468.6623012160899
4317806,Santo Augusto,RS,43.0,431780,SANTO AUGUSTO,14196.0,848439.0,5.325,3248.0,3176626.54,156.0,59766.06086221471,2287.9684418145957
4317905,Santo Cristo,RS,43.0,431790,SANTO CRISTO,15667.0,784071.0,5.325,3100.0,3995799.96,148.0,50046.02029744048,1978.6813046530924
4317954,Santo Expedito do Sul,RS,43.0,431795,SANTO EXPEDITO DO SUL,2395.0,128953.0,5.325,428.0,668620.54,29.0,53842.58872651357,1787.0563674321502
4318002,São Borja,RS,43.0,431800,SAO BORJA,61311.0,2570766.0,5.325,9752.0,16120907.18,582.0,41929.93100748642,1590.579178287746
4318051,São Domingos do Sul,RS,43.0,431805,SAO DOMINGOS DO SUL,2806.0,123436.0,5.325,562.0,1196207.9000000001,28.0,43990.02138275125,2002.8510334996436
4318101,São Francisco de Assis,RS,43.0,431810,SAO FRANCISCO DE ASSIS,17934.0,804124.0,5.325,3374.0,4339534.24,176.0,44837.96141407383,1881.342701014832
4318200,São Francisco de Paula,RS,43.0,431820,SAO FRANCISCO DE PAULA,22388.0,1026518.0,5.325,3788.0,4490446.62,176.0,45851.25960335894,1691.977845274254
4318309,São Gabriel,RS,43.0,431830,SAO GABRIEL,60090.0,2723193.0,5.325,11258.0,20432851.56,658.0,45318.57214178732,1873.5230487601932
4318408,São Jerônimo,RS,43.0,431840,SAO JERONIMO,21412.0,667014.0,5.325,4754.0,6474683.3,214.0,31151.410424061272,2220.2503269194845
4318424,São João da Urtiga,RS,43.0,431842,SAO JOAO DA URTIGA,4546.0,184149.0,5.325,948.0,1717966.12,55.0,40507.91904971404,2085.3497580290364
4318432,São João do Polêsine,RS,43.0,431843,SAO JOAO DO POLESINE,2708.0,104818.0,5.325,506.0,847410.08,46.0,38706.79468242245,1868.5376661742982
4318440,São Jorge,RS,43.0,431844,SAO JORGE,2976.0,133331.0,5.325,386.0,545164.2,21.0,44802.083333333336,1297.0430107526881
4318457,São José das Missões,RS,43.0,431845,SAO JOSE DAS MISSOES,2399.0,93351.0,5.325,436.0,723539.38,23.0,38912.463526469364,1817.4239266360983
4318465,São José do Herval,RS,43.0,431846,SAO JOSE DO HERVAL,1931.0,59113.0,5.325,312.0,425955.14,23.0,30612.6359399275,1615.7431382703264
4318481,São José do Hortêncio,RS,43.0,431848,SAO JOSE DO HORTENCIO,4555.0,117866.0,5.325,806.0,1426906.84,39.0,25876.180021953896,1769.484083424808
4318499,São José do Inhacorá,RS,43.0,431849,SAO JOSE DO INHACORA,2466.0,183794.0,5.325,352.0,852603.26,19.0,74531.22465531225,1427.4128142741283
4318507,São José do Norte,RS,43.0,431850,SAO JOSE DO NORTE,26248.0,792704.0,5.325,3776.0,5719791.78,242.0,30200.548613227675,1438.5857970131058
4318606,São José do Ouro,RS,43.0,431860,SAO JOSE DO OURO,6978.0,463018.0,5.325,1520.0,2376204.36,64.0,66353.96961880194,2178.274577242763
4318614,São José do Sul,RS,43.0,431861,SAO JOSE DO SUL,2443.0,94019.0,5.325,324.0,476322.56,22.0,38485.0593532542,1326.238231682358
4318622,São José dos Ausentes,RS,43.0,431862,SAO JOSE DOS AUSENTES,4295.0,155632.0,5.325,574.0,733569.82,22.0,36235.622817229334,1336.4377182770666
4318705,São Leopoldo,RS,43.0,431870,SAO LEOPOLDO,225738.0,10855414.0,5.325,25998.0,49111385.74,1932.0,48088.553987365885,1151.6891263322968
4318804,São Lourenço do Sul,RS,43.0,431880,SAO LOURENCO DO SUL,43278.0,1701071.0,5.325,6770.0,8864444.24,474.0,39305.67493876797,1564.3051897037756
4318903,São Luiz Gonzaga,RS,43.0,431890,SAO LUIZ GONZAGA,35865.0,1903783.0,5.325,6866.0,7838706.1,378.0,53081.91830475394,1914.4012268228078
4319000,São Marcos,RS,43.0,431900,SAO MARCOS,21549.0,1145393.0,5.325,2708.0,3205492.62,167.0,53152.9537333519,1256.6708431945797
4319109,São Martinho,RS,43.0,431910,SAO MARTINHO,5587.0,354030.0,5.325,1248.0,1917393.72,47.0,63366.74422767138,2233.7569357436905
4319125,São Martinho da Serra,RS,43.0,431912,SAO MARTINHO DA SERRA,2908.0,336100.0,5.325,528.0,1013807.02,35.0,115577.7166437414,1815.680880330124
4319158,São Miguel das Missões,RS,43.0,431915,SAO MIGUEL DAS MISSOES,7193.0,867930.0,5.325,1370.0,1709902.02,61.0,120663.14472403727,1904.6295009036562
4319208,São Nicolau,RS,43.0,431920,SAO NICOLAU,5243.0,228047.0,5.325,836.0,1315006.58,61.0,43495.51783330154,1594.50696166317
4319307,São Paulo das Missões,RS,43.0,431930,SAO PAULO DAS MISSOES,5943.0,200549.0,5.325,1462.0,1649136.26,47.0,33745.414773683326,2460.0370183409054
4319356,São Pedro da Serra,RS,43.0,431935,SAO PEDRO DA SERRA,3618.0,113228.0,5.325,550.0,717642.42,24.0,31295.74350469873,1520.1768933112216
4319364,São Pedro das Missões,RS,43.0,431936,SAO PEDRO DAS MISSOES,1790.0,114178.0,5.325,378.0,916554.92,18.0,63786.59217877095,2111.731843575419
4319372,São Pedro do Butiá,RS,43.0,431937,SAO PEDRO DO BUTIA,3142.0,161665.0,5.325,518.0,808913.92,19.0,51452.896244430296,1648.631444939529
4319406,São Pedro do Sul,RS,43.0,431940,SAO PEDRO DO SUL,15863.0,532258.0,5.325,2988.0,3931915.64,185.0,33553.42621193973,1883.628569627435
4319505,São Sebastião do Caí,RS,43.0,431950,SAO SEBASTIAO DO CAI,24898.0,899461.0,5.325,3518.0,5723599.38,250.0,36125.83340027311,1412.9648967788578
4319604,São Sepé,RS,43.0,431960,SAO SEPE,21551.0,1331321.0,5.325,4296.0,6540864.54,277.0,61775.37005243376,1993.4109786088814
4319703,São Valentim,RS,43.0,431970,SAO VALENTIM,3320.0,135541.0,5.325,500.0,838220.46,47.0,40825.60240963855,1506.0240963855424
4319711,São Valentim do Sul,RS,43.0,431971,SAO VALENTIM DO SUL,2255.0,95576.0,5.325,662.0,806322.0,22.0,42384.0354767184,2935.69844789357
4319737,São Valério do Sul,RS,43.0,431973,SAO VALERIO DO SUL,2593.0,90430.0,5.325,674.0,519772.74,25.0,34874.66255302738,2599.3058233706133
4319752,São Vendelino,RS,43.0,431975,SAO VENDELINO,2309.0,95748.0,5.325,366.0,658165.16,19.0,41467.301862278044,1585.101775660459
4319802,São Vicente do Sul,RS,43.0,431980,SAO VICENTE DO SUL,8257.0,730555.0,5.325,1222.0,1715687.78,73.0,88477.04977594769,1479.9564006297685
4319901,Sapiranga,RS,43.0,431990,SAPIRANGA,77935.0,3615599.0,5.325,12392.0,22355574.74,640.0,46392.49374478732,1590.0429845383974
4320008,Sapucaia do Sul,RS,43.0,432000,SAPUCAIA DO SUL,136573.0,4204086.0,5.325,20844.0,37331617.64,1140.0,30782.702291082423,1526.2167485520565
4320107,Sarandi,RS,43.0,432010,SARANDI,23374.0,1299139.0,5.325,4082.0,5975819.12,190.0,55580.51681355352,1746.384872080089
4320206,Seberi,RS,43.0,432020,SEBERI,12325.0,617245.0,5.325,3526.0,4015817.3,131.0,50080.73022312373,2860.851926977688
4320230,Sede Nova,RS,43.0,432023,SEDE NOVA,2750.0,157535.0,5.325,464.0,741939.44,40.0,57285.454545454544,1687.2727272727273
4320263,Segredo,RS,43.0,432026,SEGREDO,6098.0,163088.0,5.325,1222.0,1511317.42,60.0,26744.50639553952,2003.9357166284028
4320305,Selbach,RS,43.0,432030,SELBACH,5223.0,375174.0,5.325,832.0,1303223.24,61.0,71831.13153360138,1592.9542408577447
4320321,Senador Salgado Filho,RS,43.0,432032,SENADOR SALGADO FILHO,2725.0,149060.0,5.325,526.0,732209.18,27.0,54700.91743119266,1930.2752293577983
4320354,Sentinela do Sul,RS,43.0,432035,SENTINELA DO SUL,5424.0,136267.0,5.325,800.0,1489525.42,70.0,25122.97197640118,1474.9262536873157
4320404,Serafina Corrêa,RS,43.0,432040,SERAFINA CORREA,17407.0,782303.0,5.325,2402.0,4540867.02,123.0,44941.86246912162,1379.9046360659506
4320453,Sério,RS,43.0,432045,SERIO,2089.0,59572.0,5.325,238.0,503334.16,28.0,28516.99377692676,1139.3011010052658
4320503,Sertão,RS,43.0,432050,SERTAO,5630.0,534503.0,5.325,2328.0,2743617.22,58.0,94938.36589698047,4134.991119005328
4320552,Sertão Santana,RS,43.0,432055,SERTAO SANTANA,5989.0,314768.0,5.325,880.0,2118388.66,82.0,52557.68909667724,1469.3604942394388
4320578,Sete de Setembro,RS,43.0,432057,SETE DE SETEMBRO,1881.0,105652.0,5.325,362.0,657945.76,21.0,56167.99574694312,1924.508240297714
4320602,Severiano de Almeida,RS,43.0,432060,SEVERIANO DE ALMEIDA,3463.0,149414.0,5.325,976.0,1246664.68,40.0,43145.827317354895,2818.365578977765
4320651,Silveira Martins,RS,43.0,432065,SILVEIRA MARTINS,2056.0,86631.0,5.325,384.0,589382.46,36.0,42135.700389105055,1867.704280155642
4320677,Sinimbu,RS,43.0,432067,SINIMBU,8684.0,213482.0,5.325,1866.0,2148972.78,99.0,24583.37171810226,2148.779364348227
4320701,Sobradinho,RS,43.0,432070,SOBRADINHO,14512.0,438644.0,5.325,2150.0,3577524.3,143.0,30226.295479603086,1481.5325248070562
4320800,Soledade,RS,43.0,432080,SOLEDADE,30958.0,1405196.0,5.325,4652.0,6948605.34,312.0,45390.399896634146,1502.681051747529
4320859,Tabaí,RS,43.0,432085,TABAI,4569.0,142087.0,5.325,658.0,1143357.34,42.0,31098.052090172903,1440.1400744145326
4320909,Tapejara,RS,43.0,432090,TAPEJARA,25257.0,1644548.0,5.325,3782.0,6389941.26,139.0,65112.5628538623,1497.4066595399297
4321006,Tapera,RS,43.0,432100,TAPERA,10824.0,640275.0,5.325,2458.0,3900316.72,106.0,59153.270509977825,2270.879526977088
4321105,Tapes,RS,43.0,432110,TAPES,14919.0,603914.0,5.325,2012.0,4685590.78,138.0,40479.5227562169,1348.6158589717809
4321204,Taquara,RS,43.0,432120,TAQUARA,54353.0,1568880.0,5.325,8404.0,16660748.98,538.0,28864.644085883025,1546.188802825971
4321303,Taquari,RS,43.0,432130,TAQUARI,25963.0,1094083.0,5.325,3960.0,6313420.38,275.0,42140.08396564342,1525.247467549975
4321329,Taquaruçu do Sul,RS,43.0,432132,TAQUARUCU DO SUL,3192.0,188858.0,5.325,702.0,1099009.78,26.0,59166.040100250626,2199.248120300752
4321352,Tavares,RS,43.0,432135,TAVARES,5319.0,124254.0,5.325,712.0,1588592.24,61.0,23360.406091370558,1338.5974807294604
4321402,Tenente Portela,RS,43.0,432140,TENENTE PORTELA,14820.0,579215.0,5.325,3312.0,5668166.6,139.0,39083.333333333336,2234.817813765182
4321436,Terra de Areia,RS,43.0,432143,TERRA DE AREIA,10575.0,291340.0,5.325,1396.0,3077426.06,90.0,27549.881796690308,1320.0945626477542
4321451,Teutônia,RS,43.0,432145,TEUTONIA,34024.0,1576011.0,5.325,4866.0,7693145.2,279.0,46320.56783446979,1430.1669409828357
4321469,Tio Hugo,RS,43.0,432146,TIO HUGO,3363.0,174784.0,5.325,566.0,1357566.06,28.0,51972.643473089505,1683.0211121022894
4321477,Tiradentes do Sul,RS,43.0,432147,TIRADENTES DO SUL,5188.0,196243.0,5.325,906.0,1347227.18,63.0,37826.3299922899,1746.3377023901312
4321493,Toropi,RS,43.0,432149,TOROPI,2594.0,101334.0,5.325,644.0,953168.0,35.0,39064.764841942946,2482.652274479568
4321501,Torres,RS,43.0,432150,TORRES,43346.0,1382107.0,5.325,6758.0,13256694.44,408.0,31885.456558852027,1559.0827296636367
4321600,Tramandaí,RS,43.0,432160,TRAMANDAI,56432.0,1234556.0,5.325,8232.0,16865069.86,532.0,21876.878366884037,1458.7468103203857
4321626,Travesseiro,RS,43.0,432162,TRAVESSEIRO,2192.0,78088.0,5.325,454.0,606946.92,19.0,35624.087591240874,2071.167883211679
4321634,Três Arroios,RS,43.0,432163,TRES ARROIOS,2636.0,141197.0,5.325,300.0,724850.34,27.0,53564.871016691955,1138.0880121396056
4321667,Três Cachoeiras,RS,43.0,432166,TRES CACHOEIRAS,11224.0,308570.0,5.325,1518.0,2760556.64,81.0,27491.98146828225,1352.4590163934427
4321709,Três Coroas,RS,43.0,432170,TRES COROAS,24428.0,805149.0,5.325,4580.0,6965497.92,208.0,32960.0867856558,1874.8976584247584
4321808,Três de Maio,RS,43.0,432180,TRES DE MAIO,25466.0,1353676.0,5.325,3584.0,6807830.08,266.0,53156.208277703605,1407.3666849917538
4321832,Três Forquilhas,RS,43.0,432183,TRES FORQUILHAS,2813.0,64219.0,5.325,546.0,1352635.34,24.0,22829.363668681122,1940.9882687522218
4321857,Três Palmeiras,RS,43.0,432185,TRES PALMEIRAS,4829.0,178530.0,5.325,1168.0,1755472.3,43.0,36970.387243735764,2418.720231932077
4321907,Três Passos,RS,43.0,432190,TRES PASSOS,26304.0,1033034.0,5.325,5212.0,8001153.84,282.0,39272.88625304136,1981.447688564477
4321956,Trindade do Sul,RS,43.0,432195,TRINDADE DO SUL,7785.0,351371.0,5.325,1864.0,2364156.1,56.0,45134.360950545924,2394.3481053307646
4322004,Triunfo,RS,43.0,432200,TRIUNFO,28435.0,12982404.0,5.325,3754.0,6448930.52,250.0,456564.2342183928,1320.203973975734
4322103,Tucunduva,RS,43.0,432210,TUCUNDUVA,5646.0,259332.0,5.325,1586.0,1942119.24,65.0,45931.98724760893,2809.0683669854766
4322152,Tunas,RS,43.0,432215,TUNAS,3732.0,120845.0,5.325,536.0,1020318.34,34.0,32380.760986066452,1436.2272240085745
4322186,Tupanci do Sul,RS,43.0,432218,TUPANCI DO SUL,1396.0,94728.0,5.325,248.0,340601.48000000004,7.0,67856.7335243553,1776.5042979942693
4322202,Tupanciretã,RS,43.0,432220,TUPANCIRETA,20324.0,2052015.0,5.325,3174.0,3578631.64,169.0,100965.11513481598,1561.700452666798
4322251,Tupandi,RS,43.0,432225,TUPANDI,5172.0,533593.0,5.325,660.0,1536195.02,35.0,103169.56689868523,1276.1020881670534
4322301,Tuparendi,RS,43.0,432230,TUPARENDI,8535.0,383535.0,5.325,1450.0,2181656.46,94.0,44936.731107205625,1698.8869361452842
4322327,Turuçu,RS,43.0,432232,TURUCU,3488.0,163727.0,5.325,538.0,891728.76,49.0,46940.08027522936,1542.4311926605506
4322343,Ubiretama,RS,43.0,432234,UBIRETAMA,2025.0,110732.0,5.325,452.0,638886.1,22.0,54682.46913580247,2232.098765432099
4322350,União da Serra,RS,43.0,432235,UNIAO DA SERRA,1183.0,91174.0,5.325,164.0,290432.3,10.0,77070.16060862214,1386.306001690617
4322376,Unistalda,RS,43.0,432237,UNISTALDA,2047.0,149067.0,5.325,396.0,645169.38,25.0,72822.17879824132,1934.5383488031264
4322400,Uruguaiana,RS,43.0,432240,URUGUAIANA,120818.0,3717113.0,5.325,12042.0,20200773.98,960.0,30766.218609809795,996.705788872519
4322509,Vacaria,RS,43.0,432250,VACARIA,66147.0,3245679.0,5.325,11444.0,16562158.74,625.0,49067.667467912375,1730.0860205300316
4322525,Vale Verde,RS,43.0,432252,VALE VERDE,3213.0,130453.0,5.325,570.0,1007994.32,34.0,40601.61842514783,1774.042950513539
4322533,Vale do Sol,RS,43.0,432253,VALE DO SOL,10069.0,272714.0,5.325,1966.0,2051846.26,99.0,27084.51683384646,1952.5275598371238
4322541,Vale Real,RS,43.0,432254,VALE REAL,6223.0,198294.0,5.325,448.0,734093.82,43.0,31864.69548449301,719.910011248594
4322558,Vanini,RS,43.0,432255,VANINI,2047.0,94776.0,5.325,272.0,545714.74,17.0,46299.95114802149,1328.7738153395212
4322608,Venâncio Aires,RS,43.0,432260,VENANCIO AIRES,70842.0,3732042.0,5.325,10444.0,18380603.16,630.0,52681.20606419921,1474.2666779594026
4322707,Vera Cruz,RS,43.0,432270,VERA CRUZ,27671.0,826722.0,5.325,3874.0,5925541.26,252.0,29876.83856745329,1400.0216833508007
4322806,Veranópolis,RS,43.0,432280,VERANOPOLIS,24554.0,1738706.0,5.325,3552.0,5052251.68,223.0,70811.51747169504,1446.6074773967582
4322855,Vespasiano Corrêa,RS,43.0,432285,VESPASIANO CORREA,1851.0,119440.0,5.325,842.0,1165545.64,27.0,64527.28254997299,4548.8924905456515
4322905,Viadutos,RS,43.0,432290,VIADUTOS,4847.0,204582.0,5.325,1068.0,1357641.28,55.0,42207.96368887972,2203.4247988446464
4323002,Viamão,RS,43.0,432300,VIAMAO,231994.0,4335081.0,5.325,31660.0,65700385.18,1976.0,18686.177228721433,1364.6904661327446
4323101,Vicente Dutra,RS,43.0,432310,VICENTE DUTRA,4741.0,126515.0,5.325,834.0,1355506.16,38.0,26685.298460240454,1759.122547985657
4323200,Victor Graeff,RS,43.0,432320,VICTOR GRAEFF,2825.0,295872.0,5.325,384.0,935563.32,30.0,104733.45132743364,1359.2920353982302
4323309,Vila Flores,RS,43.0,432330,VILA FLORES,3741.0,297553.0,5.325,508.0,899536.36,40.0,79538.35872761294,1357.9256883186313
4323358,Vila Lângaro,RS,43.0,432335,VILA LANGARO,2121.0,168933.0,5.325,324.0,584379.1,19.0,79647.80763790665,1527.5813295615276
4323408,Vila Maria,RS,43.0,432340,VILA MARIA,4515.0,389407.0,5.325,492.0,1418900.22,40.0,86247.39756367663,1089.700996677741
4323457,Vila Nova do Sul,RS,43.0,432345,VILA NOVA DO SUL,3932.0,195943.0,5.325,556.0,1027203.5,42.0,49832.909460834184,1414.0386571719228
4323507,Vista Alegre,RS,43.0,432350,VISTA ALEGRE,2710.0,137064.0,5.325,802.0,1144660.8,29.0,50577.12177121771,2959.409594095941
4323606,Vista Alegre do Prata,RS,43.0,432360,VISTA ALEGRE DO PRATA,1624.0,85229.0,5.325,268.0,412272.1,19.0,52480.91133004926,1650.2463054187192
4323705,Vista Gaúcha,RS,43.0,432370,VISTA GAUCHA,2843.0,103513.0,5.325,534.0,972072.26,22.0,36409.77840309532,1878.2975729862821
4323754,Vitória das Missões,RS,43.0,432375,VITORIA DAS MISSOES,3316.0,159528.0,5.325,726.0,1569133.96,41.0,48108.56453558504,2189.384800965018
4323770,Westfália,RS,43.0,432377,WESTFALIA,3223.0,264840.0,5.325,508.0,661336.74,25.0,82171.88954390319,1576.1712690040335
4323804,Xangri-lá,RS,43.0,432380,XANGRI-LA,16949.0,733160.0,5.325,2572.0,4872073.46,138.0,43256.8293114638,1517.493657442917
5200050,Abadia de Goiás,GO,52.0,520005,ABADIA DE GOIAS,,,5.75,2512.0,4168796.34,116.0,,
5200100,Abadiânia,GO,52.0,520010,ABADIANIA,,,5.75,1734.0,2962815.32,114.0,,
5200134,Acreúna,GO,52.0,520013,ACREUNA,,,5.75,3038.0,4512199.54,152.0,,
5200159,Adelândia,GO,52.0,520015,ADELANDIA,,,5.75,312.0,934937.5,29.0,,
5200175,Água Fria de Goiás,GO,52.0,520017,AGUA FRIA DE GOIAS,,,5.75,604.0,763281.52,41.0,,
5200209,Água Limpa,GO,52.0,520020,AGUA LIMPA,,,5.75,274.0,392265.83999999997,22.0,,
5200258,Águas Lindas de Goiás,GO,52.0,520025,AGUAS LINDAS DE GOIAS,,,5.75,23104.0,30867886.38,957.0,,
5200308,Alexânia,GO,52.0,520030,ALEXANIA,,,5.75,6110.0,6614733.54,227.0,,
5200506,Aloândia,GO,52.0,520050,ALOANDIA,,,5.75,144.0,305479.62,17.0,,
5200555,Alto Horizonte,GO,52.0,520055,ALTO HORIZONTE,,,5.75,1132.0,1056711.98,39.0,,
5200605,Alto Paraíso de Goiás,GO,52.0,520060,ALTO PARAISO DE GOIAS,,,5.75,1382.0,1275784.78,43.0,,
5200803,Alvorada do Norte,GO,52.0,520080,ALVORADA DO NORTE,,,5.75,2144.0,1719397.48,67.0,,
5200829,Amaralina,GO,52.0,520082,AMARALINA,,,5.75,404.0,659238.58,32.0,,
5200852,Americano do Brasil,GO,52.0,520085,AMERICANO DO BRASIL,,,5.75,1270.0,1557663.5,59.0,,
5200902,Amorinópolis,GO,52.0,520090,AMORINOPOLIS,,,5.75,624.0,703564.54,27.0,,
5201108,Anápolis,GO,52.0,520110,ANAPOLIS,,,5.75,43534.0,83682269.12,2948.0,,
5201207,Anhanguera,GO,52.0,520120,ANHANGUERA,,,5.75,122.0,247990.38,13.0,,
5201306,Anicuns,GO,52.0,520130,ANICUNS,,,5.75,2888.0,4666783.1,154.0,,
5201405,Aparecida de Goiânia,GO,52.0,520140,APARECIDA DE GOIANIA,,,5.75,74078.0,144811784.2,3069.0,,
5201454,Aparecida do Rio Doce,GO,52.0,520145,APARECIDA DO RIO DOCE,,,5.75,324.0,308325.5,15.0,,
5201504,Aporé,GO,52.0,520150,APORE,,,5.75,320.0,677752.38,37.0,,
5201603,Araçu,GO,52.0,520160,ARACU,,,5.75,794.0,1146558.34,45.0,,
5201702,Aragarças,GO,52.0,520170,ARAGARCAS,,,5.75,2866.0,3728470.12,158.0,,
5201801,Aragoiânia,GO,52.0,520180,ARAGOIANIA,,,5.75,1228.0,2024696.42,93.0,,
5202155,Araguapaz,GO,52.0,520215,ARAGUAPAZ,,,5.75,710.0,1295066.94,58.0,,
5202353,Arenópolis,GO,52.0,520235,ARENOPOLIS,,,5.75,494.0,550073.76,24.0,,
5202502,Aruanã,GO,52.0,520250,ARUANA,,,5.75,1666.0,1917309.82,60.0,,
5202601,Aurilândia,GO,52.0,520260,AURILANDIA,,,5.75,544.0,696649.62,42.0,,
5202809,Avelinópolis,GO,52.0,520280,AVELINOPOLIS,,,5.75,438.0,649069.62,24.0,,
5203104,Baliza,GO,52.0,520310,BALIZA,,,5.75,278.0,489560.06,18.0,,
5203203,Barro Alto,GO,52.0,520320,BARRO ALTO,,,5.75,1860.0,2272284.34,58.0,,
5203302,Bela Vista de Goiás,GO,52.0,520330,BELA VISTA DE GOIAS,,,5.75,5462.0,6300293.72,213.0,,
5203401,Bom Jardim de Goiás,GO,52.0,520340,BOM JARDIM DE GOIAS,,,5.75,1178.0,2071401.5,95.0,,
5203500,Bom Jesus de Goiás,GO,52.0,520350,BOM JESUS DE GOIAS,,,5.75,5760.0,4832758.74,173.0,,
5203559,Bonfinópolis,GO,52.0,520355,BONFINOPOLIS,,,5.75,1182.0,1912505.9,70.0,,
5203575,Bonópolis,GO,52.0,520357,BONOPOLIS,,,5.75,608.0,536750.3200000001,22.0,,
5203609,Brazabrantes,GO,52.0,520360,BRAZABRANTES,,,5.75,690.0,1319157.4,28.0,,
5203807,Britânia,GO,52.0,520380,BRITANIA,,,5.75,1336.0,1378589.86,52.0,,
5203906,Buriti Alegre,GO,52.0,520390,BURITI ALEGRE,,,5.75,1468.0,1435374.76,101.0,,
5203939,Buriti de Goiás,GO,52.0,520393,BURITI DE GOIAS,,,5.75,442.0,815588.5,24.0,,
5203962,Buritinópolis,GO,52.0,520396,BURITINOPOLIS,,,5.75,160.0,281967.27999999997,21.0,,
5204003,Cabeceiras,GO,52.0,520400,CABECEIRAS,,,5.75,940.0,1459003.72,61.0,,
5204102,Cachoeira Alta,GO,52.0,520410,CACHOEIRA ALTA,,,5.75,2086.0,1798923.4,94.0,,
5204201,Cachoeira de Goiás,GO,52.0,520420,CACHOEIRA DE GOIAS,,,5.75,258.0,437779.94,11.0,,
5204250,Cachoeira Dourada,GO,52.0,520425,CACHOEIRA DOURADA,,,5.75,1230.0,1576138.34,69.0,,
5204300,Caçu,GO,52.0,520430,CACU,,,5.75,2492.0,2332553.48,141.0,,
5204409,Caiapônia,GO,52.0,520440,CAIAPONIA,,,5.75,3910.0,3270994.36,139.0,,
5204508,Caldas Novas,GO,52.0,520450,CALDAS NOVAS,,,5.75,10836.0,15290924.5,681.0,,
5204557,Caldazinha,GO,52.0,520455,CALDAZINHA,,,5.75,490.0,898667.02,33.0,,
5204607,Campestre de Goiás,GO,52.0,520460,CAMPESTRE DE GOIAS,,,5.75,366.0,624296.18,29.0,,
5204656,Campinaçu,GO,52.0,520465,CAMPINACU,,,5.75,1016.0,766388.06,21.0,,
5204706,Campinorte,GO,52.0,520470,CAMPINORTE,,,5.75,2450.0,2380258.16,91.0,,
5204805,Campo Alegre de Goiás,GO,52.0,520480,CAMPO ALEGRE DE GOIAS,,,5.75,698.0,1143793.56,48.0,,
5204854,Campo Limpo de Goiás,GO,52.0,520485,CAMPO LIMPO DE GOIAS,,,5.75,932.0,1373294.98,50.0,,
5204904,Campos Belos,GO,52.0,520490,CAMPOS BELOS,,,5.75,2230.0,2715353.88,139.0,,
5204953,Campos Verdes,GO,52.0,520495,CAMPOS VERDES,,,5.75,748.0,1299156.72,45.0,,
5205000,Carmo do Rio Verde,GO,52.0,520500,CARMO DO RIO VERDE,,,5.75,1422.0,2053751.44,93.0,,
5205059,Castelândia,GO,52.0,520505,CASTELANDIA,,,5.75,418.0,658476.96,27.0,,
5205109,Catalão,GO,52.0,520510,CATALAO,,,5.75,11186.0,18598673.8,707.0,,
5205208,Caturaí,GO,52.0,520520,CATURAI,,,5.75,1076.0,1478596.58,47.0,,
5205307,Cavalcante,GO,52.0,520530,CAVALCANTE,,,5.75,1538.0,1059832.64,61.0,,
5205406,Ceres,GO,52.0,520540,CERES,,,5.75,4352.0,6536835.22,182.0,,
5205455,Cezarina,GO,52.0,520545,CEZARINA,,,5.75,1490.0,1450677.88,55.0,,
5205471,Chapadão do Céu,GO,52.0,520547,CHAPADAO DO CEU,,,5.75,2434.0,2465416.7,36.0,,
5205497,Cidade Ocidental,GO,52.0,520549,CIDADE OCIDENTAL,,,5.75,10292.0,14513807.16,390.0,,
5205513,Cocalzinho de Goiás,GO,52.0,520551,COCALZINHO DE GOIAS,,,5.75,3684.0,3655344.7,137.0,,
5205521,Colinas do Sul,GO,52.0,520552,COLINAS DO SUL,,,5.75,650.0,572483.52,28.0,,
5205703,Córrego do Ouro,GO,52.0,520570,CORREGO DO OURO,,,5.75,522.0,348072.83999999997,17.0,,
5205802,Corumbá de Goiás,GO,52.0,520580,CORUMBA DE GOIAS,,,5.75,1560.0,1936180.46,105.0,,
5205901,Corumbaíba,GO,52.0,520590,CORUMBAIBA,,,5.75,1450.0,1783479.18,74.0,,
5206206,Cristalina,GO,52.0,520620,CRISTALINA,,,5.75,7596.0,10569663.64,359.0,,
5206305,Cristianópolis,GO,52.0,520630,CRISTIANOPOLIS,,,5.75,676.0,834133.2999999999,34.0,,
5206404,Crixás,GO,52.0,520640,CRIXAS,,,5.75,2632.0,2417065.32,104.0,,
5206503,Cromínia,GO,52.0,520650,CROMINIA,,,5.75,616.0,816393.64,36.0,,
5206602,Cumari,GO,52.0,520660,CUMARI,,,5.75,336.0,554565.76,36.0,,
5206701,Damianópolis,GO,52.0,520670,DAMIANOPOLIS,,,5.75,680.0,529832.16,27.0,,
5206800,Damolândia,GO,52.0,520680,DAMOLANDIA,,,5.75,740.0,972797.4400000001,25.0,,
5206909,Davinópolis,GO,52.0,520690,DAVINOPOLIS,,,5.75,208.0,432509.14,18.0,,
5207105,Diorama,GO,52.0,520710,DIORAMA,,,5.75,700.0,622200.28,20.0,,
5207253,Doverlândia,GO,52.0,520725,DOVERLANDIA,,,5.75,524.0,979111.9,54.0,,
5207352,Edealina,GO,52.0,520735,EDEALINA,,,5.75,396.0,743012.16,51.0,,
5207402,Edéia,GO,52.0,520740,EDEIA,,,5.75,1872.0,2440507.1,96.0,,
5207501,Estrela do Norte,GO,52.0,520750,ESTRELA DO NORTE,,,5.75,554.0,777825.02,24.0,,
5207535,Faina,GO,52.0,520753,FAINA,,,5.75,1256.0,1334850.14,65.0,,
5207600,Fazenda Nova,GO,52.0,520760,FAZENDA NOVA,,,5.75,950.0,1407629.16,55.0,,
5207808,Firminópolis,GO,52.0,520780,FIRMINOPOLIS,,,5.75,2140.0,2738649.56,103.0,,
5207907,Flores de Goiás,GO,52.0,520790,FLORES DE GOIAS,,,5.75,808.0,1220878.96,53.0,,
5208004,Formosa,GO,52.0,520800,FORMOSA,,,5.75,18472.0,20665220.54,722.0,,
5208103,Formoso,GO,52.0,520810,FORMOSO,,,5.75,1132.0,1024714.8,54.0,,
5208152,Gameleira de Goiás,GO,52.0,520815,GAMELEIRA DE GOIAS,,,5.75,402.0,682634.26,29.0,,
5208301,Divinópolis de Goiás,GO,52.0,520830,DIVINOPOLIS DE GOIAS,,,5.75,592.0,598797.32,45.0,,
5208400,Goianápolis,GO,52.0,520840,GOIANAPOLIS,,,5.75,1940.0,3178159.04,111.0,,
5208509,Goiandira,GO,52.0,520850,GOIANDIRA,,,5.75,434.0,1015438.28,40.0,,
5208608,Goianésia,GO,52.0,520860,GOIANESIA,,,5.75,11532.0,12964438.8,506.0,,
5208707,Goiânia,GO,52.0,520870,GOIANIA,1511709.0,59870499.0,5.75,155468.0,305099838.04,9866.0,39604.51317019347,1028.4254443150103
5208806,Goianira,GO,52.0,520880,GOIANIRA,,,5.75,12798.0,17013570.28,464.0,,
5208905,Goiás,GO,52.0,520890,GOIAS,,,5.75,3778.0,5863424.74,237.0,,
5209101,Goiatuba,GO,52.0,520910,GOIATUBA,,,5.75,4804.0,6041977.52,298.0,,
5209150,Gouvelândia,GO,52.0,520915,GOUVELANDIA,,,5.75,542.0,998791.38,37.0,,
5209200,Guapó,GO,52.0,520920,GUAPO,,,5.75,2018.0,2857088.96,140.0,,
5209291,Guaraíta,GO,52.0,520929,GUARAITA,,,5.75,342.0,397634.68,16.0,,
5209408,Guarani de Goiás,GO,52.0,520940,GUARANI DE GOIAS,,,5.75,622.0,808052.28,26.0,,
5209457,Guarinos,GO,52.0,520945,GUARINOS,,,5.75,280.0,409247.4,24.0,,
5209606,Heitoraí,GO,52.0,520960,HEITORAI,,,5.75,876.0,914235.38,21.0,,
5209705,Hidrolândia,GO,52.0,520970,HIDROLANDIA,,,5.75,4388.0,5359445.76,158.0,,
5209804,Hidrolina,GO,52.0,520980,HIDROLINA,,,5.75,940.0,1316651.92,32.0,,
5209903,Iaciara,GO,52.0,520990,IACIARA,,,5.75,2696.0,1848121.02,77.0,,
5209937,Inaciolândia,GO,52.0,520993,INACIOLANDIA,,,5.75,812.0,1067485.76,42.0,,
5209952,Indiara,GO,52.0,520995,INDIARA,,,5.75,6638.0,3681181.32,110.0,,
5210000,Inhumas,GO,52.0,521000,INHUMAS,,,5.75,9162.0,12820581.8,459.0,,
5210109,Ipameri,GO,52.0,521010,IPAMERI,,,5.75,3400.0,5217397.96,221.0,,
5210158,Ipiranga de Goiás,GO,52.0,521015,IPIRANGA DE GOIAS,,,5.75,446.0,488377.3,18.0,,
5210208,Iporá,GO,52.0,521020,IPORA,,,5.75,3792.0,7289167.22,347.0,,
5210307,Israelândia,GO,52.0,521030,ISRAELANDIA,,,5.75,304.0,565886.82,24.0,,
5210406,Itaberaí,GO,52.0,521040,ITABERAI,,,5.75,7946.0,10286326.82,300.0,,
5210562,Itaguari,GO,52.0,521056,ITAGUARI,,,5.75,776.0,1440488.26,37.0,,
5210604,Itaguaru,GO,52.0,521060,ITAGUARU,,,5.75,1136.0,1492721.98,65.0,,
5210802,Itajá,GO,52.0,521080,ITAJA,,,5.75,908.0,984067.88,43.0,,
5210901,Itapaci,GO,52.0,521090,ITAPACI,,,5.75,5200.0,5562656.22,159.0,,
5211008,Itapirapuã,GO,52.0,521100,ITAPIRAPUA,,,5.75,1690.0,1836670.84,88.0,,
5211206,Itapuranga,GO,52.0,521120,ITAPURANGA,,,5.75,5216.0,6167484.24,282.0,,
5211305,Itarumã,GO,52.0,521130,ITARUMA,,,5.75,1630.0,1038793.6,41.0,,
5211404,Itauçu,GO,52.0,521140,ITAUCU,,,5.75,1788.0,2403690.64,93.0,,
5211503,Itumbiara,GO,52.0,521150,ITUMBIARA,,,5.75,20144.0,21706981.76,818.0,,
5211602,Ivolândia,GO,52.0,521160,IVOLANDIA,,,5.75,382.0,648371.74,21.0,,
5211701,Jandaia,GO,52.0,521170,JANDAIA,,,5.75,506.0,776231.96,66.0,,
5211800,Jaraguá,GO,52.0,521180,JARAGUA,,,5.75,10508.0,8922426.4,329.0,,
5211909,Jataí,GO,52.0,521190,JATAI,,,5.75,9066.0,13374335.34,761.0,,
5212006,Jaupaci,GO,52.0,521200,JAUPACI,,,5.75,432.0,524678.88,23.0,,
5212055,Jesúpolis,GO,52.0,521205,JESUPOLIS,,,5.75,236.0,547039.3,21.0,,
5212105,Joviânia,GO,52.0,521210,JOVIANIA,,,5.75,886.0,1138975.7,67.0,,
5212204,Jussara,GO,52.0,521220,JUSSARA,,,5.75,3188.0,4529801.16,143.0,,
5212253,Lagoa Santa,GO,52.0,521225,LAGOA SANTA,,,5.75,64.0,85043.45999999999,11.0,,
5212303,Leopoldo de Bulhões,GO,52.0,521230,LEOPOLDO DE BULHOES,,,5.75,674.0,1024419.96,57.0,,
5212501,Luziânia,GO,52.0,521250,LUZIANIA,,,5.75,33304.0,43586892.94,1324.0,,
5212600,Mairipotaba,GO,52.0,521260,MAIRIPOTABA,,,5.75,438.0,655979.24,17.0,,
5212709,Mambaí,GO,52.0,521270,MAMBAI,,,5.75,756.0,913708.94,48.0,,
5212808,Mara Rosa,GO,52.0,521280,MARA ROSA,,,5.75,2056.0,2194463.54,100.0,,
5212907,Marzagão,GO,52.0,521290,MARZAGAO,,,5.75,404.0,583009.16,19.0,,
5212956,Matrinchã,GO,52.0,521295,MATRINCHA,,,5.75,750.0,925671.12,43.0,,
5213004,Maurilândia,GO,52.0,521300,MAURILANDIA,,,5.75,1022.0,1360465.18,61.0,,
5213053,Mimoso de Goiás,GO,52.0,521305,MIMOSO DE GOIAS,,,5.75,284.0,272506.64,18.0,,
5213087,Minaçu,GO,52.0,521308,MINACU,,,5.75,5584.0,5092058.08,229.0,,
5213103,Mineiros,GO,52.0,521310,MINEIROS,,,5.75,10606.0,17294084.26,420.0,,
5213400,Moiporá,GO,52.0,521340,MOIPORA,,,5.75,174.0,180578.14,15.0,,
5213509,Monte Alegre de Goiás,GO,52.0,521350,MONTE ALEGRE DE GOIAS,,,5.75,726.0,784554.64,40.0,,
5213707,Montes Claros de Goiás,GO,52.0,521370,MONTES CLAROS DE GOIAS,,,5.75,796.0,1408566.8,69.0,,
5213756,Montividiu,GO,52.0,521375,MONTIVIDIU,,,5.75,1942.0,2087585.66,79.0,,
5213772,Montividiu do Norte,GO,52.0,521377,MONTIVIDIU DO NORTE,,,5.75,444.0,697173.48,30.0,,
5213806,Morrinhos,GO,52.0,521380,MORRINHOS,,,5.75,7442.0,9776134.1,396.0,,
5213855,Morro Agudo de Goiás,GO,52.0,521385,MORRO AGUDO DE GOIAS,,,5.75,704.0,882041.02,25.0,,
5213905,Mossâmedes,GO,52.0,521390,MOSSAMEDES,,,5.75,644.0,861821.26,40.0,,
5214002,Mozarlândia,GO,52.0,521400,MOZARLANDIA,,,5.75,3056.0,3447384.04,101.0,,
5214051,Mundo Novo,GO,52.0,521405,MUNDO NOVO,,,5.75,2490.0,1414019.68,47.0,,
5214101,Mutunópolis,GO,52.0,521410,MUTUNOPOLIS,,,5.75,954.0,691807.16,35.0,,
5214408,Nazário,GO,52.0,521440,NAZARIO,,,5.75,856.0,1621747.22,73.0,,
5214507,Nerópolis,GO,52.0,521450,NEROPOLIS,,,5.75,5400.0,9144829.8,251.0,,
5214606,Niquelândia,GO,52.0,521460,NIQUELANDIA,,,5.75,6282.0,6633698.0,266.0,,
5214705,Nova América,GO,52.0,521470,NOVA AMERICA,,,5.75,292.0,365738.28,24.0,,
5214804,Nova Aurora,GO,52.0,521480,NOVA AURORA,,,5.75,246.0,466996.44,22.0,,
5214838,Nova Crixás,GO,52.0,521483,NOVA CRIXAS,,,5.75,2004.0,2024934.34,92.0,,
5214861,Nova Glória,GO,52.0,521486,NOVA GLORIA,,,5.75,1344.0,1812168.74,90.0,,
5214879,Nova Iguaçu de Goiás,GO,52.0,521487,NOVA IGUACU DE GOIAS,,,5.75,438.0,532753.66,20.0,,
5214903,Nova Roma,GO,52.0,521490,NOVA ROMA,,,5.75,256.0,330335.96,18.0,,
5215009,Nova Veneza,GO,52.0,521500,NOVA VENEZA,,,5.75,1150.0,2546811.0,83.0,,
5215207,Novo Brasil,GO,52.0,521520,NOVO BRASIL,,,5.75,584.0,633334.82,30.0,,
5215231,Novo Gama,GO,52.0,521523,NOVO GAMA,,,5.75,14318.0,19428728.88,511.0,,
5215256,Novo Planalto,GO,52.0,521525,NOVO PLANALTO,,,5.75,554.0,638392.7,39.0,,
5215306,Orizona,GO,52.0,521530,ORIZONA,,,5.75,2222.0,2859505.42,123.0,,
5215405,Ouro Verde de Goiás,GO,52.0,521540,OURO VERDE DE GOIAS,,,5.75,552.0,1060834.32,30.0,,
5215504,Ouvidor,GO,52.0,521550,OUVIDOR,,,5.75,846.0,1703943.98,77.0,,
5215603,Padre Bernardo,GO,52.0,521560,PADRE BERNARDO,,,5.75,3960.0,4160159.18,203.0,,
5215652,Palestina de Goiás,GO,52.0,521565,PALESTINA DE GOIAS,,,5.75,464.0,725860.52,24.0,,
5215702,Palmeiras de Goiás,GO,52.0,521570,PALMEIRAS DE GOIAS,,,5.75,2862.0,4546661.2,201.0,,
5215801,Palmelo,GO,52.0,521580,PALMELO,,,5.75,578.0,743939.54,35.0,,
5215900,Palminópolis,GO,52.0,521590,PALMINOPOLIS,,,5.75,562.0,571082.12,35.0,,
5216007,Panamá,GO,52.0,521600,PANAMA,,,5.75,468.0,801510.38,16.0,,
5216304,Paranaiguara,GO,52.0,521630,PARANAIGUARA,,,5.75,2096.0,1622882.62,88.0,,
5216403,Paraúna,GO,52.0,521640,PARAUNA,,,5.75,1838.0,2078051.18,101.0,,
5216452,Perolândia,GO,52.0,521645,PEROLANDIA,,,5.75,234.0,698280.64,31.0,,
5216809,Petrolina de Goiás,GO,52.0,521680,PETROLINA DE GOIAS,,,5.75,1820.0,2710040.34,81.0,,
5216908,Pilar de Goiás,GO,52.0,521690,PILAR DE GOIAS,,,5.75,370.0,634835.2,23.0,,
5217104,Piracanjuba,GO,52.0,521710,PIRACANJUBA,,,5.75,4678.0,6434261.72,222.0,,
5217203,Piranhas,GO,52.0,521720,PIRANHAS,,,5.75,1898.0,1797979.0,102.0,,
5217302,Pirenópolis,GO,52.0,521730,PIRENOPOLIS,,,5.75,5840.0,5984412.9,206.0,,
5217401,Pires do Rio,GO,52.0,521740,PIRES DO RIO,,,5.75,4880.0,6240199.66,253.0,,
5217609,Planaltina,GO,52.0,521760,PLANALTINA,,,5.75,14226.0,14846143.1,538.0,,
5217708,Pontalina,GO,52.0,521770,PONTALINA,,,5.75,3372.0,4391446.54,178.0,,
5218003,Porangatu,GO,52.0,521800,PORANGATU,,,5.75,7704.0,8121305.1,291.0,,
5218052,Porteirão,GO,52.0,521805,PORTEIRAO,,,5.75,682.0,922712.88,28.0,,
5218102,Portelândia,GO,52.0,521810,PORTELANDIA,,,5.75,382.0,488231.64,26.0,,
5218300,Posse,GO,52.0,521830,POSSE,,,5.75,5808.0,5090382.02,203.0,,
5218391,Professor Jamil,GO,52.0,521839,PROFESSOR JAMIL,,,5.75,490.0,720417.1,32.0,,
5218508,Quirinópolis,GO,52.0,521850,QUIRINOPOLIS,,,5.75,11160.0,8615323.9,380.0,,
5218607,Rialma,GO,52.0,521860,RIALMA,,,5.75,2612.0,3449095.42,101.0,,
5218706,Rianápolis,GO,52.0,521870,RIANAPOLIS,,,5.75,702.0,820660.98,42.0,,
5218789,Rio Quente,GO,52.0,521878,RIO QUENTE,,,5.75,728.0,761186.38,24.0,,
5218805,Rio Verde,GO,52.0,521880,RIO VERDE,,,5.75,32868.0,46843816.5,1349.0,,
5218904,Rubiataba,GO,52.0,521890,RUBIATABA,,,5.75,3768.0,3834181.02,162.0,,
5219001,Sanclerlândia,GO,52.0,521900,SANCLERLANDIA,,,5.75,1734.0,2246866.42,77.0,,
5219100,Santa Bárbara de Goiás,GO,52.0,521910,SANTA BARBARA DE GOIAS,,,5.75,1032.0,1367450.28,71.0,,
5219209,Santa Cruz de Goiás,GO,52.0,521920,SANTA CRUZ DE GOIAS,,,5.75,446.0,671157.5,23.0,,
5219258,Santa Fé de Goiás,GO,52.0,521925,SANTA FE DE GOIAS,,,5.75,558.0,637973.26,41.0,,
5219308,Santa Helena de Goiás,GO,52.0,521930,SANTA HELENA DE GOIAS,,,5.75,8246.0,10125777.3,308.0,,
5219357,Santa Isabel,GO,52.0,521935,SANTA ISABEL,,,5.75,544.0,723355.82,38.0,,
5219407,Santa Rita do Araguaia,GO,52.0,521940,SANTA RITA DO ARAGUAIA,,,5.75,584.0,846698.92,50.0,,
5219456,Santa Rita do Novo Destino,GO,52.0,521945,SANTA RITA DO NOVO DESTINO,,,5.75,278.0,405877.46,14.0,,
5219506,Santa Rosa de Goiás,GO,52.0,521950,SANTA ROSA DE GOIAS,,,5.75,594.0,953194.44,44.0,,
5219605,Santa Tereza de Goiás,GO,52.0,521960,SANTA TEREZA DE GOIAS,,,5.75,806.0,1022801.82,38.0,,
5219704,Santa Terezinha de Goiás,GO,52.0,521970,SANTA TEREZINHA DE GOIAS,,,5.75,1858.0,2205691.8,88.0,,
5219712,Santo Antônio da Barra,GO,52.0,521971,SANTO ANTONIO DA BARRA,,,5.75,432.0,692614.24,40.0,,
5219738,Santo Antônio de Goiás,GO,52.0,521973,SANTO ANTONIO DE GOIAS,,,5.75,1420.0,2114219.86,52.0,,
5219753,Santo Antônio do Descoberto,GO,52.0,521975,SANTO ANTONIO DO DESCOBERTO,,,5.75,5992.0,7175507.4,331.0,,
5219803,São Domingos,GO,52.0,521980,SAO DOMINGOS,,,5.75,1532.0,1127315.04,64.0,,
5219902,São Francisco de Goiás,GO,52.0,521990,SAO FRANCISCO DE GOIAS,,,5.75,788.0,1390518.58,55.0,,
5220009,São João d'Aliança,GO,52.0,522000,SAO JOAO D'ALIANCA,,,5.75,1034.0,1253790.3,56.0,,
5220058,São João da Paraúna,GO,52.0,522005,SAO JOAO DA PARAUNA,,,5.75,268.0,481677.58,17.0,,
5220108,São Luís de Montes Belos,GO,52.0,522010,SAO LUIS DE MONTES BELOS,,,5.75,5966.0,7908999.06,295.0,,
5220157,São Luiz do Norte,GO,52.0,522015,SAO LUIZ DO NORTE,,,5.75,1134.0,1546888.32,48.0,,
5220207,São Miguel do Araguaia,GO,52.0,522020,SAO MIGUEL DO ARAGUAIA,,,5.75,10356.0,4221863.94,187.0,,
5220264,São Miguel do Passa Quatro,GO,52.0,522026,SAO MIGUEL DO PASSA QUATRO,,,5.75,454.0,824646.18,53.0,,
5220280,São Patrício,GO,52.0,522028,SAO PATRICIO,,,5.75,246.0,346264.5,17.0,,
5220405,São Simão,GO,52.0,522040,SAO SIMAO,,,5.75,3482.0,3193215.72,140.0,,
5220454,Senador Canedo,GO,52.0,522045,SENADOR CANEDO,,,5.75,17884.0,26940567.36,768.0,,
5220504,Serranópolis,GO,52.0,522050,SERRANOPOLIS,,,5.75,1020.0,1454333.04,50.0,,
5220603,Silvânia,GO,52.0,522060,SILVANIA,,,5.75,6856.0,5165698.42,165.0,,
5220686,Simolândia,GO,52.0,522068,SIMOLANDIA,,,5.75,910.0,825054.72,42.0,,
5220702,Sítio d'Abadia,GO,52.0,522070,SITIO D'ABADIA,,,5.75,190.0,171776.9,15.0,,
5221007,Taquaral de Goiás,GO,52.0,522100,TAQUARAL DE GOIAS,,,5.75,510.0,929189.34,30.0,,
5221080,Teresina de Goiás,GO,52.0,522108,TERESINA DE GOIAS,,,5.75,292.0,380390.04,19.0,,
5221197,Terezópolis de Goiás,GO,52.0,522119,TEREZOPOLIS DE GOIAS,,,5.75,888.0,1423413.32,68.0,,
5221304,Três Ranchos,GO,52.0,522130,TRES RANCHOS,,,5.75,360.0,680835.68,27.0,,
5221403,Trindade,GO,52.0,522140,TRINDADE,,,5.75,27206.0,42020675.72,966.0,,
5221452,Trombas,GO,52.0,522145,TROMBAS,,,5.75,618.0,569050.78,15.0,,
5221502,Turvânia,GO,52.0,522150,TURVANIA,,,5.75,1342.0,1187849.94,44.0,,
5221551,Turvelândia,GO,52.0,522155,TURVELANDIA,,,5.75,742.0,669388.22,34.0,,
5221577,Uirapuru,GO,52.0,522157,UIRAPURU,,,5.75,302.0,335195.44,24.0,,
5221601,Uruaçu,GO,52.0,522160,URUACU,,,5.75,13446.0,10455365.1,312.0,,
5221700,Uruana,GO,52.0,522170,URUANA,,,5.75,2554.0,3282247.3,124.0,,
5221809,Urutaí,GO,52.0,522180,URUTAI,,,5.75,310.0,665748.58,28.0,,
5221858,Valparaíso de Goiás,GO,52.0,522185,VALPARAISO DE GOIAS,,,5.75,23916.0,30422749.88,861.0,,
5221908,Varjão,GO,52.0,522190,VARJAO,,,5.75,430.0,792327.5,33.0,,
5222005,Vianópolis,GO,52.0,522200,VIANOPOLIS,,,5.75,3504.0,2955338.72,102.0,,
5222054,Vicentinópolis,GO,52.0,522205,VICENTINOPOLIS,,,5.75,1042.0,1025414.6,51.0,,
5222203,Vila Boa,GO,52.0,522220,VILA BOA,,,5.75,344.0,539872.42,22.0,,
5222302,Vila Propício,GO,52.0,522230,VILA PROPICIO,,,5.75,822.0,1090831.42,35.0,,
5100102,Acorizal,MT,51.0,510010,ACORIZAL,,,3.225,368.0,607917.6,49.0,,
5100201,Água Boa,MT,51.0,510020,AGUA BOA,,,3.225,4554.0,5316795.38,146.0,,
5100250,Alta Floresta,MT,51.0,510025,ALTA FLORESTA,,,3.225,8082.0,8542908.0,363.0,,
5100300,Alto Araguaia,MT,51.0,510030,ALTO ARAGUAIA,,,3.225,2160.0,2746526.58,127.0,,
5100359,Alto Boa Vista,MT,51.0,510035,ALTO BOA VISTA,,,3.225,754.0,570490.1,30.0,,
5100409,Alto Garças,MT,51.0,510040,ALTO GARCAS,,,3.225,1406.0,2670784.56,83.0,,
5100508,Alto Paraguai,MT,51.0,510050,ALTO PARAGUAI,,,3.225,692.0,959111.42,55.0,,
5100607,Alto Taquari,MT,51.0,510060,ALTO TAQUARI,,,3.225,1454.0,1691183.36,48.0,,
5100805,Apiacás,MT,51.0,510080,APIACAS,,,3.225,1238.0,1004848.52,54.0,,
5101001,Araguaiana,MT,51.0,510100,ARAGUAIANA,,,3.225,376.0,553080.5,26.0,,
5101209,Araguainha,MT,51.0,510120,ARAGUAINHA,,,3.225,150.0,203980.38,10.0,,
5101258,Araputanga,MT,51.0,510125,ARAPUTANGA,,,3.225,2104.0,2605880.32,122.0,,
5101308,Arenápolis,MT,51.0,510130,ARENAPOLIS,,,3.225,2062.0,2398741.56,71.0,,
5101407,Aripuanã,MT,51.0,510140,ARIPUANA,,,3.225,3648.0,2837862.8,134.0,,
5101605,Barão de Melgaço,MT,51.0,510160,BARAO DE MELGACO,,,3.225,526.0,809044.24,50.0,,
5101704,Barra do Bugres,MT,51.0,510170,BARRA DO BUGRES,,,3.225,3332.0,4567749.12,250.0,,
5101803,Barra do Garças,MT,51.0,510180,BARRA DO GARCAS,,,3.225,7898.0,9708781.66,544.0,,
5101837,Boa Esperança do Norte,,,510183,BOA ESPERANCA DO NORTE,,,,0.0,0.0,0.0,,
5101852,Bom Jesus do Araguaia,MT,51.0,510185,BOM JESUS DO ARAGUAIA,,,3.225,730.0,755133.12,30.0,,
5101902,Brasnorte,MT,51.0,510190,BRASNORTE,,,3.225,3632.0,2493698.22,91.0,,
5102504,Cáceres,MT,51.0,510250,CACERES,,,3.225,15842.0,17589035.44,727.0,,
5102603,Campinápolis,MT,51.0,510260,CAMPINAPOLIS,,,3.225,2722.0,2350235.3,113.0,,
5102637,Campo Novo do Parecis,MT,51.0,510263,CAMPO NOVO DO PARECIS,,,3.225,5690.0,5242645.42,196.0,,
5102678,Campo Verde,MT,51.0,510267,CAMPO VERDE,,,3.225,8886.0,8943294.18,216.0,,
5102686,Campos de Júlio,MT,51.0,510268,CAMPOS DE JULIO,,,3.225,1802.0,847140.0599999999,40.0,,
5102694,Canabrava do Norte,MT,51.0,510269,CANABRAVA DO NORTE,,,3.225,564.0,530172.7,30.0,,
5102702,Canarana,MT,51.0,510270,CANARANA,,,3.225,3596.0,2614690.14,147.0,,
5102793,Carlinda,MT,51.0,510279,CARLINDA,,,3.225,1212.0,1578802.04,76.0,,
5102850,Castanheira,MT,51.0,510285,CASTANHEIRA,,,3.225,480.0,555975.08,52.0,,
5103007,Chapada dos Guimarães,MT,51.0,510300,CHAPADA DOS GUIMARAES,,,3.225,2070.0,3931996.28,140.0,,
5103056,Cláudia,MT,51.0,510305,CLAUDIA,,,3.225,2516.0,2495311.26,71.0,,
5103106,Cocalinho,MT,51.0,510310,COCALINHO,,,3.225,1658.0,958201.98,32.0,,
5103205,Colíder,MT,51.0,510320,COLIDER,,,3.225,4380.0,6841018.46,252.0,,
5103254,Colniza,MT,51.0,510325,COLNIZA,,,3.225,3596.0,2580733.14,139.0,,
5103304,Comodoro,MT,51.0,510330,COMODORO,,,3.225,3564.0,2895358.58,122.0,,
5103353,Confresa,MT,51.0,510335,CONFRESA,,,3.225,6362.0,5742919.42,206.0,,
5103361,Conquista D'Oeste,MT,51.0,510336,CONQUISTA D'OESTE,,,3.225,636.0,623114.74,27.0,,
5103379,Cotriguaçu,MT,51.0,510337,COTRIGUACU,,,3.225,1682.0,1386840.58,38.0,,
5103403,Cuiabá,MT,51.0,510340,CUIABA,698917.0,29743722.0,3.225,65108.0,127518043.3,4181.0,42556.87299064123,931.5555352066125
5103437,Curvelândia,MT,51.0,510343,CURVELANDIA,,,3.225,808.0,1077647.78,49.0,,
5103452,Denise,MT,51.0,510345,DENISE,,,3.225,648.0,750603.84,37.0,,
5103502,Diamantino,MT,51.0,510350,DIAMANTINO,,,3.225,2916.0,3354129.36,131.0,,
5103601,Dom Aquino,MT,51.0,510360,DOM AQUINO,,,3.225,1538.0,2432687.7399999998,70.0,,
5103700,Feliz Natal,MT,51.0,510370,FELIZ NATAL,,,3.225,1120.0,1379960.92,57.0,,
5103809,Figueirópolis D'Oeste,MT,51.0,510380,FIGUEIROPOLIS D'OESTE,,,3.225,470.0,666224.04,29.0,,
5103858,Gaúcha do Norte,MT,51.0,510385,GAUCHA DO NORTE,,,3.225,906.0,962723.22,38.0,,
5103908,General Carneiro,MT,51.0,510390,GENERAL CARNEIRO,,,3.225,964.0,1179715.26,58.0,,
5103957,Glória D'Oeste,MT,51.0,510395,GLORIA D'OESTE,,,3.225,520.0,638318.94,36.0,,
5104104,Guarantã do Norte,MT,51.0,510410,GUARANTA DO NORTE,,,3.225,5854.0,4777090.74,217.0,,
5104203,Guiratinga,MT,51.0,510420,GUIRATINGA,,,3.225,1952.0,2636290.18,106.0,,
5104500,Indiavaí,MT,51.0,510450,INDIAVAI,,,3.225,322.0,454524.26,30.0,,
5104526,Ipiranga do Norte,MT,51.0,510452,IPIRANGA DO NORTE,,,3.225,688.0,1101705.1199999999,32.0,,
5104542,Itanhangá,MT,51.0,510454,ITANHANGA,,,3.225,562.0,535654.84,29.0,,
5104559,Itaúba,MT,51.0,510455,ITAUBA,,,3.225,512.0,890642.38,42.0,,
5104609,Itiquira,MT,51.0,510460,ITIQUIRA,,,3.225,2048.0,2821975.54,45.0,,
5104807,Jaciara,MT,51.0,510480,JACIARA,,,3.225,5034.0,6424320.84,190.0,,
5104906,Jangada,MT,51.0,510490,JANGADA,,,3.225,720.0,1019861.48,64.0,,
5105002,Jauru,MT,51.0,510500,JAURU,,,3.225,956.0,928332.68,72.0,,
5105101,Juara,MT,51.0,510510,JUARA,,,3.225,4500.0,3926524.98,248.0,,
5105150,Juína,MT,51.0,510515,JUINA,,,3.225,8208.0,7391959.48,292.0,,
5105176,Juruena,MT,51.0,510517,JURUENA,,,3.225,1774.0,1509060.66,41.0,,
5105200,Juscimeira,MT,51.0,510520,JUSCIMEIRA,,,3.225,2864.0,2810265.2,114.0,,
5105234,Lambari D'Oeste,MT,51.0,510523,LAMBARI D'OESTE,,,3.225,820.0,1154858.74,42.0,,
5105259,Lucas do Rio Verde,MT,51.0,510525,LUCAS DO RIO VERDE,,,3.225,13556.0,9716393.5,287.0,,
5105309,Luciara,MT,51.0,510530,LUCIARA,,,3.225,518.0,511340.84,18.0,,
5105507,Vila Bela da Santíssima Trindade,MT,51.0,510550,VILA BELA DA SANTISSIMA TRINDADE,,,3.225,3800.0,2249934.04,96.0,,
5105580,Marcelândia,MT,51.0,510558,MARCELANDIA,,,3.225,2168.0,2147238.68,69.0,,
5105606,Matupá,MT,51.0,510560,MATUPA,,,3.225,3046.0,2829520.48,97.0,,
5105622,Mirassol d'Oeste,MT,51.0,510562,MIRASSOL D'OESTE,,,3.225,4530.0,4655751.64,190.0,,
5105903,Nobres,MT,51.0,510590,NOBRES,,,3.225,3892.0,4050874.82,151.0,,
5106000,Nortelândia,MT,51.0,510600,NORTELANDIA,,,3.225,584.0,920397.16,50.0,,
5106109,Nossa Senhora do Livramento,MT,51.0,510610,NOSSA SENHORA DO LIVRAMENTO,,,3.225,1504.0,2609855.56,86.0,,
5106158,Nova Bandeirantes,MT,51.0,510615,NOVA BANDEIRANTES,,,3.225,1352.0,1292010.5,63.0,,
5106174,Nova Nazaré,MT,51.0,510617,NOVA NAZARE,,,3.225,874.0,735136.9,28.0,,
5106182,Nova Lacerda,MT,51.0,510618,NOVA LACERDA,,,3.225,900.0,883335.48,36.0,,
5106190,Nova Santa Helena,MT,51.0,510619,NOVA SANTA HELENA,,,3.225,518.0,829086.42,24.0,,
5106208,Nova Brasilândia,MT,51.0,510620,NOVA BRASILANDIA,,,3.225,370.0,632465.02,35.0,,
5106216,Nova Canaã do Norte,MT,51.0,510621,NOVA CANAA DO NORTE,,,3.225,1350.0,2400255.94,86.0,,
5106224,Nova Mutum,MT,51.0,510622,NOVA MUTUM,,,3.225,8682.0,9292224.86,216.0,,
5106232,Nova Olímpia,MT,51.0,510623,NOVA OLIMPIA,,,3.225,1916.0,3277898.58,108.0,,
5106240,Nova Ubiratã,MT,51.0,510624,NOVA UBIRATA,,,3.225,1278.0,1634381.76,60.0,,
5106257,Nova Xavantina,MT,51.0,510625,NOVA XAVANTINA,,,3.225,3936.0,4295210.88,139.0,,
5106265,Novo Mundo,MT,51.0,510626,NOVO MUNDO,,,3.225,700.0,693889.24,45.0,,
5106273,Novo Horizonte do Norte,MT,51.0,510627,NOVO HORIZONTE DO NORTE,,,3.225,802.0,648466.52,28.0,,
5106281,Novo São Joaquim,MT,51.0,510628,NOVO SAO JOAQUIM,,,3.225,1490.0,1340290.94,42.0,,
5106299,Paranaíta,MT,51.0,510629,PARANAITA,,,3.225,3154.0,2289250.3,70.0,,
5106307,Paranatinga,MT,51.0,510630,PARANATINGA,,,3.225,4370.0,5071946.88,146.0,,
5106315,Novo Santo Antônio,MT,51.0,510631,NOVO SANTO ANTONIO,,,3.225,292.0,225081.52,17.0,,
5106372,Pedra Preta,MT,51.0,510637,PEDRA PRETA,,,3.225,3394.0,4888110.7,143.0,,
5106422,Peixoto de Azevedo,MT,51.0,510642,PEIXOTO DE AZEVEDO,,,3.225,3440.0,3534389.7399999998,226.0,,
5106455,Planalto da Serra,MT,51.0,510645,PLANALTO DA SERRA,,,3.225,328.0,622844.38,23.0,,
5106505,Poconé,MT,51.0,510650,POCONE,,,3.225,5186.0,5395420.22,274.0,,
5106653,Pontal do Araguaia,MT,51.0,510665,PONTAL DO ARAGUAIA,,,3.225,662.0,804985.92,40.0,,
5106703,Ponte Branca,MT,51.0,510670,PONTE BRANCA,,,3.225,314.0,334953.08,19.0,,
5106752,Pontes e Lacerda,MT,51.0,510675,PONTES E LACERDA,,,3.225,8672.0,9165252.5,330.0,,
5106778,Porto Alegre do Norte,MT,51.0,510677,PORTO ALEGRE DO NORTE,,,3.225,1226.0,1420226.52,72.0,,
5106802,Porto dos Gaúchos,MT,51.0,510680,PORTO DOS GAUCHOS,,,3.225,1626.0,1188215.24,35.0,,
5106828,Porto Esperidião,MT,51.0,510682,PORTO ESPERIDIAO,,,3.225,1318.0,1604315.84,70.0,,
5106851,Porto Estrela,MT,51.0,510685,PORTO ESTRELA,,,3.225,298.0,431858.44,29.0,,
5107008,Poxoréu,MT,51.0,510700,POXOREU,,,3.225,4626.0,5254153.64,165.0,,
5107040,Primavera do Leste,MT,51.0,510704,PRIMAVERA DO LESTE,,,3.225,11958.0,16158596.08,424.0,,
5107065,Querência,MT,51.0,510706,QUERENCIA,,,3.225,4796.0,4470512.64,99.0,,
5107107,São José dos Quatro Marcos,MT,51.0,510710,SAO JOSE DOS QUATRO MARCOS,,,3.225,1770.0,2903263.18,131.0,,
5107156,Reserva do Cabaçal,MT,51.0,510715,RESERVA DO CABACAL,,,3.225,312.0,439602.18,17.0,,
5107180,Ribeirão Cascalheira,MT,51.0,510718,RIBEIRAO CASCALHEIRA,,,3.225,1628.0,1654376.94,74.0,,
5107198,Ribeirãozinho,MT,51.0,510719,RIBEIRAOZINHO,,,3.225,336.0,441126.32,20.0,,
5107206,Rio Branco,MT,51.0,510720,RIO BRANCO,,,3.225,664.0,692526.0599999999,47.0,,
5107248,Santa Carmem,MT,51.0,510724,SANTA CARMEM,,,3.225,532.0,603211.34,26.0,,
5107263,Santo Afonso,MT,51.0,510726,SANTO AFONSO,,,3.225,392.0,506300.66,15.0,,
5107297,São José do Povo,MT,51.0,510729,SAO JOSE DO POVO,,,3.225,556.0,1108863.9,23.0,,
5107305,São José do Rio Claro,MT,51.0,510730,SAO JOSE DO RIO CLARO,,,3.225,2716.0,2472778.08,100.0,,
5107354,São José do Xingu,MT,51.0,510735,SAO JOSE DO XINGU,,,3.225,820.0,709204.8,24.0,,
5107404,São Pedro da Cipa,MT,51.0,510740,SAO PEDRO DA CIPA,,,3.225,712.0,1202512.22,29.0,,
5107578,Rondolândia,MT,51.0,510757,RONDOLANDIA,,,3.225,20.0,19944.4,22.0,,
5107602,Rondonópolis,MT,51.0,510760,RONDONOPOLIS,,,3.225,39524.0,58951424.58,1533.0,,
5107701,Rosário Oeste,MT,51.0,510770,ROSARIO OESTE,,,3.225,2384.0,2070925.6199999999,137.0,,
5107743,Santa Cruz do Xingu,MT,51.0,510774,SANTA CRUZ DO XINGU,,,3.225,314.0,373700.86,7.0,,
5107750,Salto do Céu,MT,51.0,510775,SALTO DO CEU,,,3.225,570.0,540962.26,32.0,,
5107768,Santa Rita do Trivelato,MT,51.0,510776,SANTA RITA DO TRIVELATO,,,3.225,350.0,412613.58,21.0,,
5107776,Santa Terezinha,MT,51.0,510777,SANTA TEREZINHA,,,3.225,1866.0,1111611.1,44.0,,
5107792,Santo Antônio do Leste,MT,51.0,510779,SANTO ANTONIO DO LESTE,,,3.225,606.0,654347.06,18.0,,
5107800,Santo Antônio de Leverger,MT,51.0,510780,SANTO ANTONIO DE LEVERGER,,,3.225,1698.0,3529087.78,153.0,,
5107859,São Félix do Araguaia,MT,51.0,510785,SAO FELIX DO ARAGUAIA,,,3.225,2158.0,1532138.78,68.0,,
5107875,Sapezal,MT,51.0,510787,SAPEZAL,,,3.225,4132.0,3199444.84,82.0,,
5107883,Serra Nova Dourada,MT,51.0,510788,SERRA NOVA DOURADA,,,3.225,268.0,209286.24,8.0,,
5107909,Sinop,MT,51.0,510790,SINOP,,,3.225,18046.0,24974040.08,928.0,,
5107925,Sorriso,MT,51.0,510792,SORRISO,,,3.225,12292.0,17098039.5,575.0,,
5107941,Tabaporã,MT,51.0,510794,TABAPORA,,,3.225,1054.0,817790.9,52.0,,
5107958,Tangará da Serra,MT,51.0,510795,TANGARA DA SERRA,,,3.225,12828.0,10396682.08,739.0,,
5108006,Tapurah,MT,51.0,510800,TAPURAH,,,3.225,2036.0,2522059.98,83.0,,
5108055,Terra Nova do Norte,MT,51.0,510805,TERRA NOVA DO NORTE,,,3.225,1528.0,1434945.38,84.0,,
5108105,Tesouro,MT,51.0,510810,TESOURO,,,3.225,494.0,750743.2,26.0,,
5108204,Torixoréu,MT,51.0,510820,TORIXOREU,,,3.225,462.0,366586.8,42.0,,
5108303,União do Sul,MT,51.0,510830,UNIAO DO SUL,,,3.225,458.0,546318.86,17.0,,
5108352,Vale de São Domingos,MT,51.0,510835,VALE DE SAO DOMINGOS,,,3.225,436.0,637903.32,23.0,,
5108402,Várzea Grande,MT,51.0,510840,VARZEA GRANDE,,,3.225,33672.0,62547344.98,1981.0,,
5108501,Vera,MT,51.0,510850,VERA,,,3.225,1062.0,1399406.04,67.0,,
5108600,Vila Rica,MT,51.0,510860,VILA RICA,,,3.225,2776.0,2094742.9,115.0,,
5108808,Nova Guarita,MT,51.0,510880,NOVA GUARITA,,,3.225,690.0,1334911.04,40.0,,
5108857,Nova Marilândia,MT,51.0,510885,NOVA MARILANDIA,,,3.225,468.0,494224.48,28.0,,
5108907,Nova Maringá,MT,51.0,510890,NOVA MARINGA,,,3.225,314.0,528700.92,28.0,,
5108956,Nova Monte Verde,MT,51.0,510895,NOVA MONTE VERDE,,,3.225,1186.0,1264572.74,48.0,,
